Automated update by Senternet Engine - Sun Jun 21 02:29:52 UTC 2026
Automated update by Senternet Engine - Sun Jun 21 02:34:45 UTC 2026
Automated update by Senternet Engine - Sun Jun 21 07:18:14 UTC 2026
Automated update by Senternet Engine - Sun Jun 21 10:49:16 UTC 2026
Automated update by Senternet Engine - Sun Jun 21 13:00:53 UTC 2026
Automated update by Senternet Engine - Sun Jun 21 15:17:15 UTC 2026
Automated update by Senternet Engine - Sun Jun 21 16:55:39 UTC 2026
Automated update by Senternet Engine - Sun Jun 21 18:15:06 UTC 2026
Automated update by Senternet Engine - Sun Jun 21 20:03:34 UTC 2026
Automated update by Senternet Engine - Sun Jun 21 21:43:03 UTC 2026
Automated update by Senternet Engine - Sun Jun 21 22:59:26 UTC 2026
Automated update by Senternet Engine - Mon Jun 22 00:13:22 UTC 2026
Automated update by Senternet Engine - Mon Jun 22 05:31:54 UTC 2026
--------------------------------------------------------
Senternet Engine Heartbeat  :: 2026-06-22 07:29:23
System Status Log           :: ACTIVE [100x Enhanced]
Insight of the Cycle        :: Clean code always looks like it was written by someone who cares. - Michael Feathers
--------------------------------------------------------
--------------------------------------------------------
Senternet Engine Heartbeat  :: 2026-06-22 09:02:37
System Status Log           :: ACTIVE [100x Enhanced]
Insight of the Cycle        :: Software is a great combination between artistry and engineering. - Bill Gates
--------------------------------------------------------
--------------------------------------------------------
Senternet Engine Heartbeat  :: 2026-06-22 13:13:41
System Status Log           :: ACTIVE [100x Enhanced]
Insight of the Cycle        :: Clean code always looks like it was written by someone who cares. - Michael Feathers
--------------------------------------------------------
--------------------------------------------------------
Senternet Engine Heartbeat  :: 2026-06-22 18:03:37
System Status Log           :: ACTIVE [100x Enhanced]
Insight of the Cycle        :: Strive for perfection in everything you build. - Senternet Dev Engine
--------------------------------------------------------
--------------------------------------------------------
Senternet Engine Heartbeat  :: 2026-06-22 21:20:16
System Status Log           :: ACTIVE [100x Enhanced]
Insight of the Cycle        :: Talk is cheap. Show me the code. - Linus Torvalds
--------------------------------------------------------
--------------------------------------------------------
Senternet Engine Heartbeat  :: 2026-06-22 23:01:38
System Status Log           :: ACTIVE [100x Enhanced]
Insight of the Cycle        :: Talk is cheap. Show me the code. - Linus Torvalds
--------------------------------------------------------
--------------------------------------------------------
Senternet Engine Heartbeat  :: 2026-06-23 01:31:08
System Status Log           :: ACTIVE [100x Enhanced]
Insight of the Cycle        :: Clean code always looks like it was written by someone who cares. - Michael Feathers
--------------------------------------------------------
--------------------------------------------------------
Senternet Engine Heartbeat  :: 2026-06-23 06:07:25
System Status Log           :: ACTIVE [100x Enhanced]
Insight of the Cycle        :: Optimizing frontend workflows to achieve 100/100 Lighthouse performance.
--------------------------------------------------------
--------------------------------------------------------
Senternet Engine Heartbeat  :: 2026-06-23 10:10:18
System Status Log           :: ACTIVE [100x Enhanced]
Insight of the Cycle        :: First, solve the problem. Then, write the code. - John Johnson
--------------------------------------------------------
--------------------------------------------------------
Senternet Engine Heartbeat  :: 2026-06-23 13:21:29
System Status Log           :: ACTIVE [100x Enhanced]
Insight of the Cycle        :: Knowledge is power. Clean architecture is superpower. - Senternet Technologies
--------------------------------------------------------
--------------------------------------------------------
Senternet Engine Heartbeat  :: 2026-06-23 16:09:38
System Status Log           :: ACTIVE [100x Enhanced]
Insight of the Cycle        :: Simplicity is the soul of efficiency. - Austin Freeman
--------------------------------------------------------
--------------------------------------------------------
Senternet Engine Heartbeat  :: 2026-06-23 18:20:18
System Status Log           :: ACTIVE [100x Enhanced]
Insight of the Cycle        :: Software is a great combination between artistry and engineering. - Bill Gates
--------------------------------------------------------
--------------------------------------------------------
Senternet Engine Heartbeat  :: 2026-06-23 20:32:52
System Status Log           :: ACTIVE [100x Enhanced]
Insight of the Cycle        :: Strive for perfection in everything you build. - Senternet Dev Engine
--------------------------------------------------------
--------------------------------------------------------
Senternet Engine Heartbeat  :: 2026-06-23 22:13:21
System Status Log           :: ACTIVE [100x Enhanced]
Insight of the Cycle        :: Refactoring complex state structures into smooth micro-interactions.
--------------------------------------------------------
--------------------------------------------------------
Senternet Engine Heartbeat  :: 2026-06-23 23:35:19
System Status Log           :: ACTIVE [100x Enhanced]
Insight of the Cycle        :: Refactoring complex state structures into smooth micro-interactions.
--------------------------------------------------------
--------------------------------------------------------
Senternet Engine Heartbeat  :: 2026-06-24 03:36:34
System Status Log           :: ACTIVE [100x Enhanced]
Insight of the Cycle        :: Talk is cheap. Show me the code. - Linus Torvalds
--------------------------------------------------------
--------------------------------------------------------
Senternet Engine Heartbeat  :: 2026-06-24 07:41:14
System Status Log           :: ACTIVE [100x Enhanced]
Insight of the Cycle        :: Make it work, make it right, make it fast. - Kent Beck
--------------------------------------------------------
--------------------------------------------------------
Senternet Engine Heartbeat  :: 2026-06-24 10:50:19
System Status Log           :: ACTIVE [100x Enhanced]
Insight of the Cycle        :: Simplicity is the soul of efficiency. - Austin Freeman
--------------------------------------------------------
--------------------------------------------------------
Senternet Engine Heartbeat  :: 2026-06-24 13:22:43
System Status Log           :: ACTIVE [100x Enhanced]
Insight of the Cycle        :: Refactoring complex state structures into smooth micro-interactions.
--------------------------------------------------------
--------------------------------------------------------
Senternet Engine Heartbeat  :: 2026-06-24 15:42:06
System Status Log           :: ACTIVE [100x Enhanced]
Insight of the Cycle        :: Software is a great combination between artistry and engineering. - Bill Gates
--------------------------------------------------------
--------------------------------------------------------
Senternet Engine Heartbeat  :: 2026-06-24 17:57:44
System Status Log           :: ACTIVE [100x Enhanced]
Insight of the Cycle        :: Software is a great combination between artistry and engineering. - Bill Gates
--------------------------------------------------------
--------------------------------------------------------
Senternet Engine Heartbeat  :: 2026-06-24 19:57:17
System Status Log           :: ACTIVE [100x Enhanced]
Insight of the Cycle        :: Talk is cheap. Show me the code. - Linus Torvalds
--------------------------------------------------------
--------------------------------------------------------
Senternet Engine Heartbeat  :: 2026-06-24 21:27:25
System Status Log           :: ACTIVE [100x Enhanced]
Insight of the Cycle        :: Clean code always looks like it was written by someone who cares. - Michael Feathers
--------------------------------------------------------
--------------------------------------------------------
Senternet Engine Heartbeat  :: 2026-06-24 22:48:54
System Status Log           :: ACTIVE [100x Enhanced]
Insight of the Cycle        :: Clean code always looks like it was written by someone who cares. - Michael Feathers
--------------------------------------------------------
--------------------------------------------------------
Senternet Engine Heartbeat  :: 2026-06-25 00:13:47
System Status Log           :: ACTIVE [100x Enhanced]
Insight of the Cycle        :: First, solve the problem. Then, write the code. - John Johnson
--------------------------------------------------------
--------------------------------------------------------
Senternet Engine Heartbeat  :: 2026-06-25 04:45:21
System Status Log           :: ACTIVE [100x Enhanced]
Insight of the Cycle        :: Talk is cheap. Show me the code. - Linus Torvalds
--------------------------------------------------------
--------------------------------------------------------
Senternet Engine Heartbeat  :: 2026-06-25 08:23:04
System Status Log           :: ACTIVE [100x Enhanced]
Insight of the Cycle        :: Simplicity is the soul of efficiency. - Austin Freeman
--------------------------------------------------------
--------------------------------------------------------
Senternet Engine Heartbeat  :: 2026-06-25 10:16:19
System Status Log           :: ACTIVE [100x Enhanced]
Insight of the Cycle        :: Make it work, make it right, make it fast. - Kent Beck
--------------------------------------------------------
--------------------------------------------------------
Senternet Engine Heartbeat  :: 2026-06-25 11:15:32
System Status Log           :: ACTIVE [100x Enhanced]
Insight of the Cycle        :: Strive for perfection in everything you build. - Senternet Dev Engine
--------------------------------------------------------
--------------------------------------------------------
Senternet Engine Heartbeat  :: 2026-06-25 13:36:49
System Status Log           :: ACTIVE [100x Enhanced]
Insight of the Cycle        :: Knowledge is power. Clean architecture is superpower. - Senternet Technologies
--------------------------------------------------------
--------------------------------------------------------
Senternet Engine Heartbeat  :: 2026-06-25 16:24:33
System Status Log           :: ACTIVE [100x Enhanced]
Insight of the Cycle        :: Make it work, make it right, make it fast. - Kent Beck
--------------------------------------------------------
--------------------------------------------------------
Senternet Engine Heartbeat  :: 2026-06-25 18:33:41
System Status Log           :: ACTIVE [100x Enhanced]
Insight of the Cycle        :: Software is a great combination between artistry and engineering. - Bill Gates
--------------------------------------------------------
--------------------------------------------------------
Senternet Engine Heartbeat  :: 2026-06-25 20:57:30
System Status Log           :: ACTIVE [100x Enhanced]
Insight of the Cycle        :: Clean code always looks like it was written by someone who cares. - Michael Feathers
--------------------------------------------------------
--------------------------------------------------------
Senternet Engine Heartbeat  :: 2026-06-25 22:25:09
System Status Log           :: ACTIVE [100x Enhanced]
Insight of the Cycle        :: First, solve the problem. Then, write the code. - John Johnson
--------------------------------------------------------
--------------------------------------------------------
Senternet Engine Heartbeat  :: 2026-06-25 23:52:35
System Status Log           :: ACTIVE [100x Enhanced]
Insight of the Cycle        :: First, solve the problem. Then, write the code. - John Johnson
--------------------------------------------------------
--------------------------------------------------------
Senternet Engine Heartbeat  :: 2026-06-26 03:42:10
System Status Log           :: ACTIVE [100x Enhanced]
Insight of the Cycle        :: Talk is cheap. Show me the code. - Linus Torvalds
--------------------------------------------------------
--------------------------------------------------------
Senternet Engine Heartbeat  :: 2026-06-26 07:53:24
System Status Log           :: ACTIVE [100x Enhanced]
Insight of the Cycle        :: Optimizing frontend workflows to achieve 100/100 Lighthouse performance.
--------------------------------------------------------
--------------------------------------------------------
Senternet Engine Heartbeat  :: 2026-06-26 10:51:35
System Status Log           :: ACTIVE [100x Enhanced]
Insight of the Cycle        :: Refactoring complex state structures into smooth micro-interactions.
--------------------------------------------------------
--------------------------------------------------------
Senternet Engine Heartbeat  :: 2026-06-26 13:11:45
System Status Log           :: ACTIVE [100x Enhanced]
Insight of the Cycle        :: Strive for perfection in everything you build. - Senternet Dev Engine
--------------------------------------------------------
--------------------------------------------------------
Senternet Engine Heartbeat  :: 2026-06-26 15:39:08
System Status Log           :: ACTIVE [100x Enhanced]
Insight of the Cycle        :: Simplicity is the soul of efficiency. - Austin Freeman
--------------------------------------------------------
--------------------------------------------------------
Senternet Engine Heartbeat  :: 2026-06-26 17:48:26
System Status Log           :: ACTIVE [100x Enhanced]
Insight of the Cycle        :: Talk is cheap. Show me the code. - Linus Torvalds
--------------------------------------------------------
--------------------------------------------------------
Senternet Engine Heartbeat  :: 2026-06-26 19:48:23
System Status Log           :: ACTIVE [100x Enhanced]
Insight of the Cycle        :: Make it work, make it right, make it fast. - Kent Beck
--------------------------------------------------------
--------------------------------------------------------
Senternet Engine Heartbeat  :: 2026-06-26 21:19:23
System Status Log           :: ACTIVE [100x Enhanced]
Insight of the Cycle        :: Clean code always looks like it was written by someone who cares. - Michael Feathers
--------------------------------------------------------
--------------------------------------------------------
Senternet Engine Heartbeat  :: 2026-06-26 22:45:09
System Status Log           :: ACTIVE [100x Enhanced]
Insight of the Cycle        :: Knowledge is power. Clean architecture is superpower. - Senternet Technologies
--------------------------------------------------------
--------------------------------------------------------
Senternet Engine Heartbeat  :: 2026-06-27 00:07:28
System Status Log           :: ACTIVE [100x Enhanced]
Insight of the Cycle        :: Talk is cheap. Show me the code. - Linus Torvalds
--------------------------------------------------------
--------------------------------------------------------
Senternet Engine Heartbeat  :: 2026-06-27 04:34:35
System Status Log           :: ACTIVE [100x Enhanced]
Insight of the Cycle        :: Strive for perfection in everything you build. - Senternet Dev Engine
--------------------------------------------------------
--------------------------------------------------------
Senternet Engine Heartbeat  :: 2026-06-27 07:49:15
System Status Log           :: ACTIVE [100x Enhanced]
Insight of the Cycle        :: Talk is cheap. Show me the code. - Linus Torvalds
--------------------------------------------------------
--------------------------------------------------------
Senternet Engine Heartbeat  :: 2026-06-27 10:08:46
System Status Log           :: ACTIVE [100x Enhanced]
Insight of the Cycle        :: Simplicity is the soul of efficiency. - Austin Freeman
--------------------------------------------------------
--------------------------------------------------------
Senternet Engine Heartbeat  :: 2026-06-27 11:54:44
System Status Log           :: ACTIVE [100x Enhanced]
Insight of the Cycle        :: Talk is cheap. Show me the code. - Linus Torvalds
--------------------------------------------------------
--------------------------------------------------------
Senternet Engine Heartbeat  :: 2026-06-27 13:43:18
System Status Log           :: ACTIVE [100x Enhanced]
Insight of the Cycle        :: Refactoring complex state structures into smooth micro-interactions.
--------------------------------------------------------
--------------------------------------------------------
Senternet Engine Heartbeat  :: 2026-06-27 15:15:57
System Status Log           :: ACTIVE [100x Enhanced]
Insight of the Cycle        :: Clean code always looks like it was written by someone who cares. - Michael Feathers
--------------------------------------------------------
--------------------------------------------------------
Senternet Engine Heartbeat  :: 2026-06-27 16:38:47
System Status Log           :: ACTIVE [100x Enhanced]
Insight of the Cycle        :: First, solve the problem. Then, write the code. - John Johnson
--------------------------------------------------------
--------------------------------------------------------
Senternet Engine Heartbeat  :: 2026-06-27 18:03:23
System Status Log           :: ACTIVE [100x Enhanced]
Insight of the Cycle        :: First, solve the problem. Then, write the code. - John Johnson
--------------------------------------------------------
--------------------------------------------------------
Senternet Engine Heartbeat  :: 2026-06-27 19:52:50
System Status Log           :: ACTIVE [100x Enhanced]
Insight of the Cycle        :: Software is a great combination between artistry and engineering. - Bill Gates
--------------------------------------------------------
--------------------------------------------------------
Senternet Engine Heartbeat  :: 2026-06-27 21:03:50
System Status Log           :: ACTIVE [100x Enhanced]
Insight of the Cycle        :: Refactoring complex state structures into smooth micro-interactions.
--------------------------------------------------------
--------------------------------------------------------
Senternet Engine Heartbeat  :: 2026-06-27 22:35:51
System Status Log           :: ACTIVE [100x Enhanced]
Insight of the Cycle        :: Make it work, make it right, make it fast. - Kent Beck
--------------------------------------------------------
--------------------------------------------------------
Senternet Engine Heartbeat  :: 2026-06-28 00:02:35
System Status Log           :: ACTIVE [100x Enhanced]
Insight of the Cycle        :: Simplicity is the soul of efficiency. - Austin Freeman
--------------------------------------------------------
--------------------------------------------------------
Senternet Engine Heartbeat  :: 2026-06-28 05:01:36
System Status Log           :: ACTIVE [100x Enhanced]
Insight of the Cycle        :: Simplicity is the soul of efficiency. - Austin Freeman
--------------------------------------------------------
--------------------------------------------------------
Senternet Engine Heartbeat  :: 2026-06-28 08:32:07
System Status Log           :: ACTIVE [100x Enhanced]
Insight of the Cycle        :: Simplicity is the soul of efficiency. - Austin Freeman
--------------------------------------------------------
--------------------------------------------------------
Senternet Engine Heartbeat  :: 2026-06-28 11:07:21
System Status Log           :: ACTIVE [100x Enhanced]
Insight of the Cycle        :: Optimizing frontend workflows to achieve 100/100 Lighthouse performance.
--------------------------------------------------------
--------------------------------------------------------
Senternet Engine Heartbeat  :: 2026-06-28 12:55:25
System Status Log           :: ACTIVE [100x Enhanced]
Insight of the Cycle        :: First, solve the problem. Then, write the code. - John Johnson
--------------------------------------------------------
--------------------------------------------------------
Senternet Engine Heartbeat  :: 2026-06-28 14:49:09
System Status Log           :: ACTIVE [100x Enhanced]
Insight of the Cycle        :: Talk is cheap. Show me the code. - Linus Torvalds
--------------------------------------------------------
--------------------------------------------------------
Senternet Engine Heartbeat  :: 2026-06-28 16:10:50
System Status Log           :: ACTIVE [100x Enhanced]
Insight of the Cycle        :: First, solve the problem. Then, write the code. - John Johnson
--------------------------------------------------------
--------------------------------------------------------
Senternet Engine Heartbeat  :: 2026-06-28 17:44:02
System Status Log           :: ACTIVE [100x Enhanced]
Insight of the Cycle        :: Talk is cheap. Show me the code. - Linus Torvalds
--------------------------------------------------------
--------------------------------------------------------
Senternet Engine Heartbeat  :: 2026-06-28 19:19:56
System Status Log           :: ACTIVE [100x Enhanced]
Insight of the Cycle        :: Software is a great combination between artistry and engineering. - Bill Gates
--------------------------------------------------------
--------------------------------------------------------
Senternet Engine Heartbeat  :: 2026-06-28 20:41:25
System Status Log           :: ACTIVE [100x Enhanced]
Insight of the Cycle        :: Software is a great combination between artistry and engineering. - Bill Gates
--------------------------------------------------------
--------------------------------------------------------
Senternet Engine Heartbeat  :: 2026-06-28 22:02:13
System Status Log           :: ACTIVE [100x Enhanced]
Insight of the Cycle        :: First, solve the problem. Then, write the code. - John Johnson
--------------------------------------------------------
--------------------------------------------------------
Senternet Engine Heartbeat  :: 2026-06-28 23:38:10
System Status Log           :: ACTIVE [100x Enhanced]
Insight of the Cycle        :: Simplicity is the soul of efficiency. - Austin Freeman
--------------------------------------------------------
--------------------------------------------------------
Senternet Engine Heartbeat  :: 2026-06-29 03:56:58
System Status Log           :: ACTIVE [100x Enhanced]
Insight of the Cycle        :: Clean code always looks like it was written by someone who cares. - Michael Feathers
--------------------------------------------------------
--------------------------------------------------------
Senternet Engine Heartbeat  :: 2026-06-29 09:02:18
System Status Log           :: ACTIVE [100x Enhanced]
Insight of the Cycle        :: Knowledge is power. Clean architecture is superpower. - Senternet Technologies
--------------------------------------------------------
--------------------------------------------------------
Senternet Engine Heartbeat  :: 2026-06-29 13:50:56
System Status Log           :: ACTIVE [100x Enhanced]
Insight of the Cycle        :: First, solve the problem. Then, write the code. - John Johnson
--------------------------------------------------------
--------------------------------------------------------
Senternet Engine Heartbeat  :: 2026-06-29 16:52:59
System Status Log           :: ACTIVE [100x Enhanced]
Insight of the Cycle        :: Knowledge is power. Clean architecture is superpower. - Senternet Technologies
--------------------------------------------------------
--------------------------------------------------------
Senternet Engine Heartbeat  :: 2026-06-29 19:04:43
System Status Log           :: ACTIVE [100x Enhanced]
Insight of the Cycle        :: Knowledge is power. Clean architecture is superpower. - Senternet Technologies
--------------------------------------------------------
--------------------------------------------------------
Senternet Engine Heartbeat  :: 2026-06-29 21:08:21
System Status Log           :: ACTIVE [100x Enhanced]
Insight of the Cycle        :: Talk is cheap. Show me the code. - Linus Torvalds
--------------------------------------------------------
--------------------------------------------------------
Senternet Engine Heartbeat  :: 2026-06-29 22:36:37
System Status Log           :: ACTIVE [100x Enhanced]
Insight of the Cycle        :: Software is a great combination between artistry and engineering. - Bill Gates
--------------------------------------------------------
--------------------------------------------------------
Senternet Engine Heartbeat  :: 2026-06-30 00:04:16
System Status Log           :: ACTIVE [100x Enhanced]
Insight of the Cycle        :: First, solve the problem. Then, write the code. - John Johnson
--------------------------------------------------------
--------------------------------------------------------
Senternet Engine Heartbeat  :: 2026-06-30 04:45:02
System Status Log           :: ACTIVE [100x Enhanced]
Insight of the Cycle        :: Strive for perfection in everything you build. - Senternet Dev Engine
--------------------------------------------------------
--------------------------------------------------------
Senternet Engine Heartbeat  :: 2026-06-30 08:30:14
System Status Log           :: ACTIVE [100x Enhanced]
Insight of the Cycle        :: Strive for perfection in everything you build. - Senternet Dev Engine
--------------------------------------------------------
--------------------------------------------------------
Senternet Engine Heartbeat  :: 2026-06-30 11:44:47
System Status Log           :: ACTIVE [100x Enhanced]
Insight of the Cycle        :: Simplicity is the soul of efficiency. - Austin Freeman
--------------------------------------------------------
--------------------------------------------------------
Senternet Engine Heartbeat  :: 2026-06-30 14:18:52
System Status Log           :: ACTIVE [100x Enhanced]
Insight of the Cycle        :: Strive for perfection in everything you build. - Senternet Dev Engine
--------------------------------------------------------
--------------------------------------------------------
Senternet Engine Heartbeat  :: 2026-06-30 16:36:34
System Status Log           :: ACTIVE [100x Enhanced]
Insight of the Cycle        :: Make it work, make it right, make it fast. - Kent Beck
--------------------------------------------------------
--------------------------------------------------------
Senternet Engine Heartbeat  :: 2026-06-30 18:56:28
System Status Log           :: ACTIVE [100x Enhanced]
Insight of the Cycle        :: Software is a great combination between artistry and engineering. - Bill Gates
--------------------------------------------------------
--------------------------------------------------------
Senternet Engine Heartbeat  :: 2026-06-30 20:57:59
System Status Log           :: ACTIVE [100x Enhanced]
Insight of the Cycle        :: Talk is cheap. Show me the code. - Linus Torvalds
--------------------------------------------------------
--------------------------------------------------------
Senternet Engine Heartbeat  :: 2026-06-30 22:22:42
System Status Log           :: ACTIVE [100x Enhanced]
Insight of the Cycle        :: Strive for perfection in everything you build. - Senternet Dev Engine
--------------------------------------------------------
--------------------------------------------------------
Senternet Engine Heartbeat  :: 2026-06-30 23:44:19
System Status Log           :: ACTIVE [100x Enhanced]
Insight of the Cycle        :: Optimizing frontend workflows to achieve 100/100 Lighthouse performance.
--------------------------------------------------------
--------------------------------------------------------
Senternet Engine Heartbeat  :: 2026-07-01 03:55:33
System Status Log           :: ACTIVE [100x Enhanced]
Insight of the Cycle        :: First, solve the problem. Then, write the code. - John Johnson
--------------------------------------------------------
--------------------------------------------------------
Senternet Engine Heartbeat  :: 2026-07-01 08:15:08
System Status Log           :: ACTIVE [100x Enhanced]
Insight of the Cycle        :: Simplicity is the soul of efficiency. - Austin Freeman
--------------------------------------------------------
--------------------------------------------------------
Senternet Engine Heartbeat  :: 2026-07-01 11:38:18
System Status Log           :: ACTIVE [100x Enhanced]
Insight of the Cycle        :: Make it work, make it right, make it fast. - Kent Beck
--------------------------------------------------------
--------------------------------------------------------
Senternet Engine Heartbeat  :: 2026-07-01 14:35:55
System Status Log           :: ACTIVE [100x Enhanced]
Insight of the Cycle        :: Clean code always looks like it was written by someone who cares. - Michael Feathers
--------------------------------------------------------
--------------------------------------------------------
Senternet Engine Heartbeat  :: 2026-07-01 17:13:31
System Status Log           :: ACTIVE [100x Enhanced]
Insight of the Cycle        :: Simplicity is the soul of efficiency. - Austin Freeman
--------------------------------------------------------
--------------------------------------------------------
Senternet Engine Heartbeat  :: 2026-07-01 19:17:54
System Status Log           :: ACTIVE [100x Enhanced]
Insight of the Cycle        :: Software is a great combination between artistry and engineering. - Bill Gates
--------------------------------------------------------
--------------------------------------------------------
Senternet Engine Heartbeat  :: 2026-07-01 21:06:33
System Status Log           :: ACTIVE [100x Enhanced]
Insight of the Cycle        :: Software is a great combination between artistry and engineering. - Bill Gates
--------------------------------------------------------
--------------------------------------------------------
Senternet Engine Heartbeat  :: 2026-07-01 22:46:51
System Status Log           :: ACTIVE [100x Enhanced]
Insight of the Cycle        :: Clean code always looks like it was written by someone who cares. - Michael Feathers
--------------------------------------------------------
--------------------------------------------------------
Senternet Engine Heartbeat  :: 2026-07-02 00:07:03
System Status Log           :: ACTIVE [100x Enhanced]
Insight of the Cycle        :: Knowledge is power. Clean architecture is superpower. - Senternet Technologies
--------------------------------------------------------
--------------------------------------------------------
Senternet Engine Heartbeat  :: 2026-07-02 04:39:43
System Status Log           :: ACTIVE [100x Enhanced]
Insight of the Cycle        :: Refactoring complex state structures into smooth micro-interactions.
--------------------------------------------------------
--------------------------------------------------------
Senternet Engine Heartbeat  :: 2026-07-02 08:11:19
System Status Log           :: ACTIVE [100x Enhanced]
Insight of the Cycle        :: First, solve the problem. Then, write the code. - John Johnson
--------------------------------------------------------
--------------------------------------------------------
Senternet Engine Heartbeat  :: 2026-07-02 11:06:23
System Status Log           :: ACTIVE [100x Enhanced]
Insight of the Cycle        :: Refactoring complex state structures into smooth micro-interactions.
--------------------------------------------------------
--------------------------------------------------------
Senternet Engine Heartbeat  :: 2026-07-02 13:16:46
System Status Log           :: ACTIVE [100x Enhanced]
Insight of the Cycle        :: Simplicity is the soul of efficiency. - Austin Freeman
--------------------------------------------------------
--------------------------------------------------------
Senternet Engine Heartbeat  :: 2026-07-02 15:40:27
System Status Log           :: ACTIVE [100x Enhanced]
Insight of the Cycle        :: Make it work, make it right, make it fast. - Kent Beck
--------------------------------------------------------
--------------------------------------------------------
Senternet Engine Heartbeat  :: 2026-07-02 17:48:01
System Status Log           :: ACTIVE [100x Enhanced]
Insight of the Cycle        :: Simplicity is the soul of efficiency. - Austin Freeman
--------------------------------------------------------
--------------------------------------------------------
Senternet Engine Heartbeat  :: 2026-07-02 19:24:39
System Status Log           :: ACTIVE [100x Enhanced]
Insight of the Cycle        :: Simplicity is the soul of efficiency. - Austin Freeman
--------------------------------------------------------
--------------------------------------------------------
Senternet Engine Heartbeat  :: 2026-07-02 20:41:25
System Status Log           :: ACTIVE [100x Enhanced]
Insight of the Cycle        :: Talk is cheap. Show me the code. - Linus Torvalds
--------------------------------------------------------
--------------------------------------------------------
Senternet Engine Heartbeat  :: 2026-07-02 22:06:04
System Status Log           :: ACTIVE [100x Enhanced]
Insight of the Cycle        :: Knowledge is power. Clean architecture is superpower. - Senternet Technologies
--------------------------------------------------------
--------------------------------------------------------
Senternet Engine Heartbeat  :: 2026-07-02 23:36:52
System Status Log           :: ACTIVE [100x Enhanced]
Insight of the Cycle        :: Refactoring complex state structures into smooth micro-interactions.
--------------------------------------------------------
--------------------------------------------------------
Senternet Engine Heartbeat  :: 2026-07-03 03:16:28
System Status Log           :: ACTIVE [100x Enhanced]
Insight of the Cycle        :: Knowledge is power. Clean architecture is superpower. - Senternet Technologies
--------------------------------------------------------
--------------------------------------------------------
Senternet Engine Heartbeat  :: 2026-07-03 06:47:04
System Status Log           :: ACTIVE [100x Enhanced]
Insight of the Cycle        :: First, solve the problem. Then, write the code. - John Johnson
--------------------------------------------------------
--------------------------------------------------------
Senternet Engine Heartbeat  :: 2026-07-03 10:03:41
System Status Log           :: ACTIVE [100x Enhanced]
Insight of the Cycle        :: Make it work, make it right, make it fast. - Kent Beck
--------------------------------------------------------
--------------------------------------------------------
Senternet Engine Heartbeat  :: 2026-07-03 12:25:53
System Status Log           :: ACTIVE [100x Enhanced]
Insight of the Cycle        :: Knowledge is power. Clean architecture is superpower. - Senternet Technologies
--------------------------------------------------------
--------------------------------------------------------
Senternet Engine Heartbeat  :: 2026-07-03 14:42:11
System Status Log           :: ACTIVE [100x Enhanced]
Insight of the Cycle        :: Knowledge is power. Clean architecture is superpower. - Senternet Technologies
--------------------------------------------------------
--------------------------------------------------------
Senternet Engine Heartbeat  :: 2026-07-03 16:24:01
System Status Log           :: ACTIVE [100x Enhanced]
Insight of the Cycle        :: Knowledge is power. Clean architecture is superpower. - Senternet Technologies
--------------------------------------------------------
--------------------------------------------------------
Senternet Engine Heartbeat  :: 2026-07-03 17:56:59
System Status Log           :: ACTIVE [100x Enhanced]
Insight of the Cycle        :: Strive for perfection in everything you build. - Senternet Dev Engine
--------------------------------------------------------
--------------------------------------------------------
Senternet Engine Heartbeat  :: 2026-07-03 19:36:49
System Status Log           :: ACTIVE [100x Enhanced]
Insight of the Cycle        :: Optimizing frontend workflows to achieve 100/100 Lighthouse performance.
--------------------------------------------------------
--------------------------------------------------------
Senternet Engine Heartbeat  :: 2026-07-03 21:06:25
System Status Log           :: ACTIVE [100x Enhanced]
Insight of the Cycle        :: First, solve the problem. Then, write the code. - John Johnson
--------------------------------------------------------
--------------------------------------------------------
Senternet Engine Heartbeat  :: 2026-07-03 22:33:17
System Status Log           :: ACTIVE [100x Enhanced]
Insight of the Cycle        :: Optimizing frontend workflows to achieve 100/100 Lighthouse performance.
--------------------------------------------------------
--------------------------------------------------------
Senternet Engine Heartbeat  :: 2026-07-04 00:03:59
System Status Log           :: ACTIVE [100x Enhanced]
Insight of the Cycle        :: Software is a great combination between artistry and engineering. - Bill Gates
--------------------------------------------------------
--------------------------------------------------------
Senternet Engine Heartbeat  :: 2026-07-04 04:11:09
System Status Log           :: ACTIVE [100x Enhanced]
Insight of the Cycle        :: Refactoring complex state structures into smooth micro-interactions.
--------------------------------------------------------
--------------------------------------------------------
Senternet Engine Heartbeat  :: 2026-07-04 07:21:59
System Status Log           :: ACTIVE [100x Enhanced]
Insight of the Cycle        :: Refactoring complex state structures into smooth micro-interactions.
--------------------------------------------------------
--------------------------------------------------------
Senternet Engine Heartbeat  :: 2026-07-04 09:36:02
System Status Log           :: ACTIVE [100x Enhanced]
Insight of the Cycle        :: Refactoring complex state structures into smooth micro-interactions.
--------------------------------------------------------
--------------------------------------------------------
Senternet Engine Heartbeat  :: 2026-07-04 11:27:03
System Status Log           :: ACTIVE [100x Enhanced]
Insight of the Cycle        :: Refactoring complex state structures into smooth micro-interactions.
--------------------------------------------------------
--------------------------------------------------------
Senternet Engine Heartbeat  :: 2026-07-04 12:45:23
System Status Log           :: ACTIVE [100x Enhanced]
Insight of the Cycle        :: Clean code always looks like it was written by someone who cares. - Michael Feathers
--------------------------------------------------------
--------------------------------------------------------
Senternet Engine Heartbeat  :: 2026-07-04 14:37:06
System Status Log           :: ACTIVE [100x Enhanced]
Insight of the Cycle        :: Software is a great combination between artistry and engineering. - Bill Gates
--------------------------------------------------------
--------------------------------------------------------
Senternet Engine Heartbeat  :: 2026-07-04 16:01:50
System Status Log           :: ACTIVE [100x Enhanced]
Insight of the Cycle        :: Software is a great combination between artistry and engineering. - Bill Gates
--------------------------------------------------------
--------------------------------------------------------
Senternet Engine Heartbeat  :: 2026-07-04 17:34:03
System Status Log           :: ACTIVE [100x Enhanced]
Insight of the Cycle        :: Strive for perfection in everything you build. - Senternet Dev Engine
--------------------------------------------------------
--------------------------------------------------------
Senternet Engine Heartbeat  :: 2026-07-04 19:13:24
System Status Log           :: ACTIVE [100x Enhanced]
Insight of the Cycle        :: Knowledge is power. Clean architecture is superpower. - Senternet Technologies
--------------------------------------------------------
--------------------------------------------------------
Senternet Engine Heartbeat  :: 2026-07-04 20:29:11
System Status Log           :: ACTIVE [100x Enhanced]
Insight of the Cycle        :: Knowledge is power. Clean architecture is superpower. - Senternet Technologies
--------------------------------------------------------
--------------------------------------------------------
Senternet Engine Heartbeat  :: 2026-07-04 21:31:02
System Status Log           :: ACTIVE [100x Enhanced]
Insight of the Cycle        :: Clean code always looks like it was written by someone who cares. - Michael Feathers
--------------------------------------------------------
--------------------------------------------------------
Senternet Engine Heartbeat  :: 2026-07-04 22:57:43
System Status Log           :: ACTIVE [100x Enhanced]
Insight of the Cycle        :: Strive for perfection in everything you build. - Senternet Dev Engine
--------------------------------------------------------
--------------------------------------------------------
Senternet Engine Heartbeat  :: 2026-07-05 00:07:16
System Status Log           :: ACTIVE [100x Enhanced]
Insight of the Cycle        :: Simplicity is the soul of efficiency. - Austin Freeman
--------------------------------------------------------
--------------------------------------------------------
Senternet Engine Heartbeat  :: 2026-07-05 04:39:36
System Status Log           :: ACTIVE [100x Enhanced]
Insight of the Cycle        :: Make it work, make it right, make it fast. - Kent Beck
--------------------------------------------------------
--------------------------------------------------------
Senternet Engine Heartbeat  :: 2026-07-05 07:56:28
System Status Log           :: ACTIVE [100x Enhanced]
Insight of the Cycle        :: Optimizing frontend workflows to achieve 100/100 Lighthouse performance.
--------------------------------------------------------
--------------------------------------------------------
Senternet Engine Heartbeat  :: 2026-07-05 10:18:59
System Status Log           :: ACTIVE [100x Enhanced]
Insight of the Cycle        :: Talk is cheap. Show me the code. - Linus Torvalds
--------------------------------------------------------
--------------------------------------------------------
Senternet Engine Heartbeat  :: 2026-07-05 11:54:05
System Status Log           :: ACTIVE [100x Enhanced]
Insight of the Cycle        :: Knowledge is power. Clean architecture is superpower. - Senternet Technologies
--------------------------------------------------------
--------------------------------------------------------
Senternet Engine Heartbeat  :: 2026-07-05 13:39:12
System Status Log           :: ACTIVE [100x Enhanced]
Insight of the Cycle        :: Make it work, make it right, make it fast. - Kent Beck
--------------------------------------------------------
--------------------------------------------------------
Senternet Engine Heartbeat  :: 2026-07-05 15:12:49
System Status Log           :: ACTIVE [100x Enhanced]
Insight of the Cycle        :: Simplicity is the soul of efficiency. - Austin Freeman
--------------------------------------------------------
--------------------------------------------------------
Senternet Engine Heartbeat  :: 2026-07-05 16:33:46
System Status Log           :: ACTIVE [100x Enhanced]
Insight of the Cycle        :: Clean code always looks like it was written by someone who cares. - Michael Feathers
--------------------------------------------------------
--------------------------------------------------------
Senternet Engine Heartbeat  :: 2026-07-05 18:03:12
System Status Log           :: ACTIVE [100x Enhanced]
Insight of the Cycle        :: Software is a great combination between artistry and engineering. - Bill Gates
--------------------------------------------------------
--------------------------------------------------------
Senternet Engine Heartbeat  :: 2026-07-05 19:50:24
System Status Log           :: ACTIVE [100x Enhanced]
Insight of the Cycle        :: Knowledge is power. Clean architecture is superpower. - Senternet Technologies
--------------------------------------------------------
--------------------------------------------------------
Senternet Engine Heartbeat  :: 2026-07-05 20:59:53
System Status Log           :: ACTIVE [100x Enhanced]
Insight of the Cycle        :: First, solve the problem. Then, write the code. - John Johnson
--------------------------------------------------------
--------------------------------------------------------
Senternet Engine Heartbeat  :: 2026-07-05 22:09:35
System Status Log           :: ACTIVE [100x Enhanced]
Insight of the Cycle        :: Simplicity is the soul of efficiency. - Austin Freeman
--------------------------------------------------------
--------------------------------------------------------
Senternet Engine Heartbeat  :: 2026-07-05 23:35:19
System Status Log           :: ACTIVE [100x Enhanced]
Insight of the Cycle        :: Software is a great combination between artistry and engineering. - Bill Gates
--------------------------------------------------------
--------------------------------------------------------
Senternet Engine Heartbeat  :: 2026-07-06 03:33:15
System Status Log           :: ACTIVE [100x Enhanced]
Insight of the Cycle        :: First, solve the problem. Then, write the code. - John Johnson
--------------------------------------------------------
--------------------------------------------------------
Senternet Engine Heartbeat  :: 2026-07-06 08:20:18
System Status Log           :: ACTIVE [100x Enhanced]
Insight of the Cycle        :: Strive for perfection in everything you build. - Senternet Dev Engine
--------------------------------------------------------
--------------------------------------------------------
Senternet Engine Heartbeat  :: 2026-07-06 12:23:58
System Status Log           :: ACTIVE [100x Enhanced]
Insight of the Cycle        :: First, solve the problem. Then, write the code. - John Johnson
--------------------------------------------------------
--------------------------------------------------------
Senternet Engine Heartbeat  :: 2026-07-06 16:00:13
System Status Log           :: ACTIVE [100x Enhanced]
Insight of the Cycle        :: Clean code always looks like it was written by someone who cares. - Michael Feathers
--------------------------------------------------------
--------------------------------------------------------
Senternet Engine Heartbeat  :: 2026-07-06 18:17:42
System Status Log           :: ACTIVE [100x Enhanced]
Insight of the Cycle        :: Talk is cheap. Show me the code. - Linus Torvalds
--------------------------------------------------------
--------------------------------------------------------
Senternet Engine Heartbeat  :: 2026-07-06 20:24:04
System Status Log           :: ACTIVE [100x Enhanced]
Insight of the Cycle        :: Make it work, make it right, make it fast. - Kent Beck
--------------------------------------------------------
--------------------------------------------------------
Senternet Engine Heartbeat  :: 2026-07-06 21:54:55
System Status Log           :: ACTIVE [100x Enhanced]
Insight of the Cycle        :: Talk is cheap. Show me the code. - Linus Torvalds
--------------------------------------------------------
--------------------------------------------------------
Senternet Engine Heartbeat  :: 2026-07-06 23:07:55
System Status Log           :: ACTIVE [100x Enhanced]
Insight of the Cycle        :: Optimizing frontend workflows to achieve 100/100 Lighthouse performance.
--------------------------------------------------------
--------------------------------------------------------
Senternet Engine Heartbeat  :: 2026-07-07 01:16:46
System Status Log           :: ACTIVE [100x Enhanced]
Insight of the Cycle        :: Optimizing frontend workflows to achieve 100/100 Lighthouse performance.
--------------------------------------------------------
--------------------------------------------------------
Senternet Engine Heartbeat  :: 2026-07-07 05:37:47
System Status Log           :: ACTIVE [100x Enhanced]
Insight of the Cycle        :: Refactoring complex state structures into smooth micro-interactions.
--------------------------------------------------------
--------------------------------------------------------
Senternet Engine Heartbeat  :: 2026-07-07 09:41:08
System Status Log           :: ACTIVE [100x Enhanced]
Insight of the Cycle        :: Refactoring complex state structures into smooth micro-interactions.
--------------------------------------------------------
--------------------------------------------------------
Senternet Engine Heartbeat  :: 2026-07-07 12:27:15
System Status Log           :: ACTIVE [100x Enhanced]
Insight of the Cycle        :: Optimizing frontend workflows to achieve 100/100 Lighthouse performance.
--------------------------------------------------------
--------------------------------------------------------
Senternet Engine Heartbeat  :: 2026-07-07 15:27:03
System Status Log           :: ACTIVE [100x Enhanced]
Insight of the Cycle        :: Strive for perfection in everything you build. - Senternet Dev Engine
--------------------------------------------------------
--------------------------------------------------------
Senternet Engine Heartbeat  :: 2026-07-07 17:33:24
System Status Log           :: ACTIVE [100x Enhanced]
Insight of the Cycle        :: First, solve the problem. Then, write the code. - John Johnson
--------------------------------------------------------
--------------------------------------------------------
Senternet Engine Heartbeat  :: 2026-07-07 19:55:12
System Status Log           :: ACTIVE [100x Enhanced]
Insight of the Cycle        :: Simplicity is the soul of efficiency. - Austin Freeman
--------------------------------------------------------
--------------------------------------------------------
Senternet Engine Heartbeat  :: 2026-07-07 21:24:29
System Status Log           :: ACTIVE [100x Enhanced]
Insight of the Cycle        :: Make it work, make it right, make it fast. - Kent Beck
--------------------------------------------------------
--------------------------------------------------------
Senternet Engine Heartbeat  :: 2026-07-07 22:37:08
System Status Log           :: ACTIVE [100x Enhanced]
Insight of the Cycle        :: Knowledge is power. Clean architecture is superpower. - Senternet Technologies
--------------------------------------------------------
--------------------------------------------------------
Senternet Engine Heartbeat  :: 2026-07-07 23:57:30
System Status Log           :: ACTIVE [100x Enhanced]
Insight of the Cycle        :: First, solve the problem. Then, write the code. - John Johnson
--------------------------------------------------------
--------------------------------------------------------
Senternet Engine Heartbeat  :: 2026-07-08 03:27:34
System Status Log           :: ACTIVE [100x Enhanced]
Insight of the Cycle        :: Make it work, make it right, make it fast. - Kent Beck
--------------------------------------------------------
--------------------------------------------------------
Senternet Engine Heartbeat  :: 2026-07-08 06:13:48
System Status Log           :: ACTIVE [100x Enhanced]
Insight of the Cycle        :: Talk is cheap. Show me the code. - Linus Torvalds
--------------------------------------------------------
--------------------------------------------------------
Senternet Engine Heartbeat  :: 2026-07-08 09:06:20
System Status Log           :: ACTIVE [100x Enhanced]
Insight of the Cycle        :: Refactoring complex state structures into smooth micro-interactions.
--------------------------------------------------------
--------------------------------------------------------
Senternet Engine Heartbeat  :: 2026-07-08 11:22:39
System Status Log           :: ACTIVE [100x Enhanced]
Insight of the Cycle        :: Refactoring complex state structures into smooth micro-interactions.
--------------------------------------------------------
--------------------------------------------------------
Senternet Engine Heartbeat  :: 2026-07-08 13:03:24
System Status Log           :: ACTIVE [100x Enhanced]
Insight of the Cycle        :: Software is a great combination between artistry and engineering. - Bill Gates
--------------------------------------------------------
--------------------------------------------------------
Senternet Engine Heartbeat  :: 2026-07-08 15:41:17
System Status Log           :: ACTIVE [100x Enhanced]
Insight of the Cycle        :: Knowledge is power. Clean architecture is superpower. - Senternet Technologies
--------------------------------------------------------
--------------------------------------------------------
Senternet Engine Heartbeat  :: 2026-07-08 17:36:29
System Status Log           :: ACTIVE [100x Enhanced]
Insight of the Cycle        :: Make it work, make it right, make it fast. - Kent Beck
--------------------------------------------------------
--------------------------------------------------------
Senternet Engine Heartbeat  :: 2026-07-08 19:25:14
System Status Log           :: ACTIVE [100x Enhanced]
Insight of the Cycle        :: Make it work, make it right, make it fast. - Kent Beck
--------------------------------------------------------
--------------------------------------------------------
Senternet Engine Heartbeat  :: 2026-07-08 20:43:32
System Status Log           :: ACTIVE [100x Enhanced]
Insight of the Cycle        :: Make it work, make it right, make it fast. - Kent Beck
--------------------------------------------------------
--------------------------------------------------------
Senternet Engine Heartbeat  :: 2026-07-08 22:05:17
System Status Log           :: ACTIVE [100x Enhanced]
Insight of the Cycle        :: Refactoring complex state structures into smooth micro-interactions.
--------------------------------------------------------
--------------------------------------------------------
Senternet Engine Heartbeat  :: 2026-07-08 23:35:30
System Status Log           :: ACTIVE [100x Enhanced]
Insight of the Cycle        :: First, solve the problem. Then, write the code. - John Johnson
--------------------------------------------------------
--------------------------------------------------------
Senternet Engine Heartbeat  :: 2026-07-09 03:17:41
System Status Log           :: ACTIVE [100x Enhanced]
Insight of the Cycle        :: Optimizing frontend workflows to achieve 100/100 Lighthouse performance.
--------------------------------------------------------
--------------------------------------------------------
Senternet Engine Heartbeat  :: 2026-07-09 07:01:50
System Status Log           :: ACTIVE [100x Enhanced]
Insight of the Cycle        :: Talk is cheap. Show me the code. - Linus Torvalds
--------------------------------------------------------
--------------------------------------------------------
Senternet Engine Heartbeat  :: 2026-07-09 10:37:03
System Status Log           :: ACTIVE [100x Enhanced]
Insight of the Cycle        :: Clean code always looks like it was written by someone who cares. - Michael Feathers
--------------------------------------------------------
--------------------------------------------------------
Senternet Engine Heartbeat  :: 2026-07-09 13:49:48
System Status Log           :: ACTIVE [100x Enhanced]
Insight of the Cycle        :: Strive for perfection in everything you build. - Senternet Dev Engine
--------------------------------------------------------
--------------------------------------------------------
Senternet Engine Heartbeat  :: 2026-07-09 16:27:30
System Status Log           :: ACTIVE [100x Enhanced]
Insight of the Cycle        :: Refactoring complex state structures into smooth micro-interactions.
--------------------------------------------------------
--------------------------------------------------------
Senternet Engine Heartbeat  :: 2026-07-09 18:18:46
System Status Log           :: ACTIVE [100x Enhanced]
Insight of the Cycle        :: Strive for perfection in everything you build. - Senternet Dev Engine
--------------------------------------------------------
--------------------------------------------------------
Senternet Engine Heartbeat  :: 2026-07-09 20:18:46
System Status Log           :: ACTIVE [100x Enhanced]
Insight of the Cycle        :: Strive for perfection in everything you build. - Senternet Dev Engine
--------------------------------------------------------
--------------------------------------------------------
Senternet Engine Heartbeat  :: 2026-07-09 21:57:09
System Status Log           :: ACTIVE [100x Enhanced]
Insight of the Cycle        :: Make it work, make it right, make it fast. - Kent Beck
--------------------------------------------------------
--------------------------------------------------------
Senternet Engine Heartbeat  :: 2026-07-09 23:17:44
System Status Log           :: ACTIVE [100x Enhanced]
Insight of the Cycle        :: Software is a great combination between artistry and engineering. - Bill Gates
--------------------------------------------------------
--------------------------------------------------------
Senternet Engine Heartbeat  :: 2026-07-10 01:08:46
System Status Log           :: ACTIVE [100x Enhanced]
Insight of the Cycle        :: Talk is cheap. Show me the code. - Linus Torvalds
--------------------------------------------------------
--------------------------------------------------------
Senternet Engine Heartbeat  :: 2026-07-10 05:35:02
System Status Log           :: ACTIVE [100x Enhanced]
Insight of the Cycle        :: Strive for perfection in everything you build. - Senternet Dev Engine
--------------------------------------------------------
--------------------------------------------------------
Senternet Engine Heartbeat  :: 2026-07-10 09:35:02
System Status Log           :: ACTIVE [100x Enhanced]
Insight of the Cycle        :: First, solve the problem. Then, write the code. - John Johnson
--------------------------------------------------------
--------------------------------------------------------
Senternet Engine Heartbeat  :: 2026-07-10 12:25:03
System Status Log           :: ACTIVE [100x Enhanced]
Insight of the Cycle        :: Simplicity is the soul of efficiency. - Austin Freeman
--------------------------------------------------------
--------------------------------------------------------
Senternet Engine Heartbeat  :: 2026-07-10 15:11:55
System Status Log           :: ACTIVE [100x Enhanced]
Insight of the Cycle        :: Knowledge is power. Clean architecture is superpower. - Senternet Technologies
--------------------------------------------------------
--------------------------------------------------------
Senternet Engine Heartbeat  :: 2026-07-10 17:18:19
System Status Log           :: ACTIVE [100x Enhanced]
Insight of the Cycle        :: Simplicity is the soul of efficiency. - Austin Freeman
--------------------------------------------------------
--------------------------------------------------------
Senternet Engine Heartbeat  :: 2026-07-10 19:00:54
System Status Log           :: ACTIVE [100x Enhanced]
Insight of the Cycle        :: Make it work, make it right, make it fast. - Kent Beck
--------------------------------------------------------
--------------------------------------------------------
Senternet Engine Heartbeat  :: 2026-07-10 20:49:18
System Status Log           :: ACTIVE [100x Enhanced]
Insight of the Cycle        :: Simplicity is the soul of efficiency. - Austin Freeman
--------------------------------------------------------
--------------------------------------------------------
Senternet Engine Heartbeat  :: 2026-07-10 22:02:41
System Status Log           :: ACTIVE [100x Enhanced]
Insight of the Cycle        :: Clean code always looks like it was written by someone who cares. - Michael Feathers
--------------------------------------------------------
--------------------------------------------------------
Senternet Engine Heartbeat  :: 2026-07-10 23:28:28
System Status Log           :: ACTIVE [100x Enhanced]
Insight of the Cycle        :: First, solve the problem. Then, write the code. - John Johnson
--------------------------------------------------------
--------------------------------------------------------
Senternet Engine Heartbeat  :: 2026-07-11 01:00:08
System Status Log           :: ACTIVE [100x Enhanced]
Insight of the Cycle        :: Optimizing frontend workflows to achieve 100/100 Lighthouse performance.
--------------------------------------------------------
--------------------------------------------------------
Senternet Engine Heartbeat  :: 2026-07-11 04:40:56
System Status Log           :: ACTIVE [100x Enhanced]
Insight of the Cycle        :: Simplicity is the soul of efficiency. - Austin Freeman
--------------------------------------------------------
--------------------------------------------------------
Senternet Engine Heartbeat  :: 2026-07-11 07:11:09
System Status Log           :: ACTIVE [100x Enhanced]
Insight of the Cycle        :: Refactoring complex state structures into smooth micro-interactions.
--------------------------------------------------------
--------------------------------------------------------
Senternet Engine Heartbeat  :: 2026-07-11 09:06:55
System Status Log           :: ACTIVE [100x Enhanced]
Insight of the Cycle        :: Talk is cheap. Show me the code. - Linus Torvalds
--------------------------------------------------------
--------------------------------------------------------
Senternet Engine Heartbeat  :: 2026-07-11 10:41:24
System Status Log           :: ACTIVE [100x Enhanced]
Insight of the Cycle        :: First, solve the problem. Then, write the code. - John Johnson
--------------------------------------------------------
--------------------------------------------------------
Senternet Engine Heartbeat  :: 2026-07-11 11:51:47
System Status Log           :: ACTIVE [100x Enhanced]
Insight of the Cycle        :: Optimizing frontend workflows to achieve 100/100 Lighthouse performance.
--------------------------------------------------------
--------------------------------------------------------
Senternet Engine Heartbeat  :: 2026-07-11 13:18:51
System Status Log           :: ACTIVE [100x Enhanced]
Insight of the Cycle        :: Simplicity is the soul of efficiency. - Austin Freeman
--------------------------------------------------------
--------------------------------------------------------
Senternet Engine Heartbeat  :: 2026-07-11 14:34:41
System Status Log           :: ACTIVE [100x Enhanced]
Insight of the Cycle        :: Refactoring complex state structures into smooth micro-interactions.
--------------------------------------------------------
--------------------------------------------------------
Senternet Engine Heartbeat  :: 2026-07-11 15:56:00
System Status Log           :: ACTIVE [100x Enhanced]
Insight of the Cycle        :: Optimizing frontend workflows to achieve 100/100 Lighthouse performance.
--------------------------------------------------------
--------------------------------------------------------
Senternet Engine Heartbeat  :: 2026-07-11 17:00:11
System Status Log           :: ACTIVE [100x Enhanced]
Insight of the Cycle        :: Talk is cheap. Show me the code. - Linus Torvalds
--------------------------------------------------------
--------------------------------------------------------
Senternet Engine Heartbeat  :: 2026-07-11 18:25:58
System Status Log           :: ACTIVE [100x Enhanced]
Insight of the Cycle        :: Simplicity is the soul of efficiency. - Austin Freeman
--------------------------------------------------------
--------------------------------------------------------
Senternet Engine Heartbeat  :: 2026-07-11 19:41:47
System Status Log           :: ACTIVE [100x Enhanced]
Insight of the Cycle        :: Clean code always looks like it was written by someone who cares. - Michael Feathers
--------------------------------------------------------
--------------------------------------------------------
Senternet Engine Heartbeat  :: 2026-07-11 20:47:19
System Status Log           :: ACTIVE [100x Enhanced]
Insight of the Cycle        :: Knowledge is power. Clean architecture is superpower. - Senternet Technologies
--------------------------------------------------------
--------------------------------------------------------
Senternet Engine Heartbeat  :: 2026-07-11 21:50:01
System Status Log           :: ACTIVE [100x Enhanced]
Insight of the Cycle        :: Simplicity is the soul of efficiency. - Austin Freeman
--------------------------------------------------------
--------------------------------------------------------
Senternet Engine Heartbeat  :: 2026-07-11 22:48:11
System Status Log           :: ACTIVE [100x Enhanced]
Insight of the Cycle        :: Clean code always looks like it was written by someone who cares. - Michael Feathers
--------------------------------------------------------
--------------------------------------------------------
Senternet Engine Heartbeat  :: 2026-07-11 23:54:51
System Status Log           :: ACTIVE [100x Enhanced]
Insight of the Cycle        :: Knowledge is power. Clean architecture is superpower. - Senternet Technologies
--------------------------------------------------------
--------------------------------------------------------
Senternet Engine Heartbeat  :: 2026-07-12 02:45:54
System Status Log           :: ACTIVE [100x Enhanced]
Insight of the Cycle        :: Refactoring complex state structures into smooth micro-interactions.
--------------------------------------------------------
--------------------------------------------------------
Senternet Engine Heartbeat  :: 2026-07-12 05:59:45
System Status Log           :: ACTIVE [100x Enhanced]
Insight of the Cycle        :: Simplicity is the soul of efficiency. - Austin Freeman
--------------------------------------------------------
--------------------------------------------------------
Senternet Engine Heartbeat  :: 2026-07-12 08:29:01
System Status Log           :: ACTIVE [100x Enhanced]
Insight of the Cycle        :: Strive for perfection in everything you build. - Senternet Dev Engine
--------------------------------------------------------
--------------------------------------------------------
Senternet Engine Heartbeat  :: 2026-07-12 10:08:58
System Status Log           :: ACTIVE [100x Enhanced]
Insight of the Cycle        :: First, solve the problem. Then, write the code. - John Johnson
--------------------------------------------------------
--------------------------------------------------------
Senternet Engine Heartbeat  :: 2026-07-12 11:37:18
System Status Log           :: ACTIVE [100x Enhanced]
Insight of the Cycle        :: Strive for perfection in everything you build. - Senternet Dev Engine
--------------------------------------------------------
--------------------------------------------------------
Senternet Engine Heartbeat  :: 2026-07-12 13:18:59
System Status Log           :: ACTIVE [100x Enhanced]
Insight of the Cycle        :: Talk is cheap. Show me the code. - Linus Torvalds
--------------------------------------------------------
--------------------------------------------------------
Senternet Engine Heartbeat  :: 2026-07-12 14:40:44
System Status Log           :: ACTIVE [100x Enhanced]
Insight of the Cycle        :: Software is a great combination between artistry and engineering. - Bill Gates
--------------------------------------------------------
--------------------------------------------------------
Senternet Engine Heartbeat  :: 2026-07-12 15:59:49
System Status Log           :: ACTIVE [100x Enhanced]
Insight of the Cycle        :: Make it work, make it right, make it fast. - Kent Beck
--------------------------------------------------------
--------------------------------------------------------
Senternet Engine Heartbeat  :: 2026-07-12 17:10:57
System Status Log           :: ACTIVE [100x Enhanced]
Insight of the Cycle        :: Refactoring complex state structures into smooth micro-interactions.
--------------------------------------------------------
--------------------------------------------------------
Senternet Engine Heartbeat  :: 2026-07-12 18:26:39
System Status Log           :: ACTIVE [100x Enhanced]
Insight of the Cycle        :: Optimizing frontend workflows to achieve 100/100 Lighthouse performance.
--------------------------------------------------------
--------------------------------------------------------
Senternet Engine Heartbeat  :: 2026-07-12 19:40:16
System Status Log           :: ACTIVE [100x Enhanced]
Insight of the Cycle        :: Clean code always looks like it was written by someone who cares. - Michael Feathers
--------------------------------------------------------
--------------------------------------------------------
Senternet Engine Heartbeat  :: 2026-07-12 20:48:25
System Status Log           :: ACTIVE [100x Enhanced]
Insight of the Cycle        :: First, solve the problem. Then, write the code. - John Johnson
--------------------------------------------------------
--------------------------------------------------------
Senternet Engine Heartbeat  :: 2026-07-12 21:50:33
System Status Log           :: ACTIVE [100x Enhanced]
Insight of the Cycle        :: Make it work, make it right, make it fast. - Kent Beck
--------------------------------------------------------
--------------------------------------------------------
Senternet Engine Heartbeat  :: 2026-07-12 22:48:46
System Status Log           :: ACTIVE [100x Enhanced]
Insight of the Cycle        :: First, solve the problem. Then, write the code. - John Johnson
--------------------------------------------------------
--------------------------------------------------------
Senternet Engine Heartbeat  :: 2026-07-12 23:54:30
System Status Log           :: ACTIVE [100x Enhanced]
Insight of the Cycle        :: Software is a great combination between artistry and engineering. - Bill Gates
--------------------------------------------------------
--------------------------------------------------------
Senternet Engine Heartbeat  :: 2026-07-13 02:47:24
System Status Log           :: ACTIVE [100x Enhanced]
Insight of the Cycle        :: Software is a great combination between artistry and engineering. - Bill Gates
--------------------------------------------------------
--------------------------------------------------------
Senternet Engine Heartbeat  :: 2026-07-13 06:19:13
System Status Log           :: ACTIVE [100x Enhanced]
Insight of the Cycle        :: Strive for perfection in everything you build. - Senternet Dev Engine
--------------------------------------------------------
--------------------------------------------------------
Senternet Engine Heartbeat  :: 2026-07-13 09:53:51
System Status Log           :: ACTIVE [100x Enhanced]
Insight of the Cycle        :: Make it work, make it right, make it fast. - Kent Beck
--------------------------------------------------------
--------------------------------------------------------
Senternet Engine Heartbeat  :: 2026-07-13 12:31:11
System Status Log           :: ACTIVE [100x Enhanced]
Insight of the Cycle        :: Strive for perfection in everything you build. - Senternet Dev Engine
--------------------------------------------------------
--------------------------------------------------------
Senternet Engine Heartbeat  :: 2026-07-13 15:42:48
System Status Log           :: ACTIVE [100x Enhanced]
Insight of the Cycle        :: Knowledge is power. Clean architecture is superpower. - Senternet Technologies
--------------------------------------------------------
--------------------------------------------------------
Senternet Engine Heartbeat  :: 2026-07-13 17:54:43
System Status Log           :: ACTIVE [100x Enhanced]
Insight of the Cycle        :: Refactoring complex state structures into smooth micro-interactions.
--------------------------------------------------------
--------------------------------------------------------
Senternet Engine Heartbeat  :: 2026-07-13 19:23:09
System Status Log           :: ACTIVE [100x Enhanced]
Insight of the Cycle        :: Optimizing frontend workflows to achieve 100/100 Lighthouse performance.
--------------------------------------------------------
--------------------------------------------------------
Senternet Engine Heartbeat  :: 2026-07-13 20:38:31
System Status Log           :: ACTIVE [100x Enhanced]
Insight of the Cycle        :: Talk is cheap. Show me the code. - Linus Torvalds
--------------------------------------------------------
--------------------------------------------------------
Senternet Engine Heartbeat  :: 2026-07-13 21:56:30
System Status Log           :: ACTIVE [100x Enhanced]
Insight of the Cycle        :: Talk is cheap. Show me the code. - Linus Torvalds
--------------------------------------------------------
--------------------------------------------------------
Senternet Engine Heartbeat  :: 2026-07-13 22:57:59
System Status Log           :: ACTIVE [100x Enhanced]
Insight of the Cycle        :: Knowledge is power. Clean architecture is superpower. - Senternet Technologies
--------------------------------------------------------
--------------------------------------------------------
Senternet Engine Heartbeat  :: 2026-07-13 23:59:17
System Status Log           :: ACTIVE [100x Enhanced]
Insight of the Cycle        :: Optimizing frontend workflows to achieve 100/100 Lighthouse performance.
--------------------------------------------------------
--------------------------------------------------------
Senternet Engine Heartbeat  :: 2026-07-14 03:21:08
System Status Log           :: ACTIVE [100x Enhanced]
Insight of the Cycle        :: Talk is cheap. Show me the code. - Linus Torvalds
--------------------------------------------------------
--------------------------------------------------------
Senternet Engine Heartbeat  :: 2026-07-14 05:51:48
System Status Log           :: ACTIVE [100x Enhanced]
Insight of the Cycle        :: Optimizing frontend workflows to achieve 100/100 Lighthouse performance.
--------------------------------------------------------
--------------------------------------------------------
Senternet Engine Heartbeat  :: 2026-07-14 08:04:46
System Status Log           :: ACTIVE [100x Enhanced]
Insight of the Cycle        :: Make it work, make it right, make it fast. - Kent Beck
--------------------------------------------------------
--------------------------------------------------------
Senternet Engine Heartbeat  :: 2026-07-14 10:16:26
System Status Log           :: ACTIVE [100x Enhanced]
Insight of the Cycle        :: Software is a great combination between artistry and engineering. - Bill Gates
--------------------------------------------------------
--------------------------------------------------------
Senternet Engine Heartbeat  :: 2026-07-14 11:53:45
System Status Log           :: ACTIVE [100x Enhanced]
Insight of the Cycle        :: First, solve the problem. Then, write the code. - John Johnson
--------------------------------------------------------
--------------------------------------------------------
Senternet Engine Heartbeat  :: 2026-07-14 13:42:57
System Status Log           :: ACTIVE [100x Enhanced]
Insight of the Cycle        :: Clean code always looks like it was written by someone who cares. - Michael Feathers
--------------------------------------------------------
--------------------------------------------------------
Senternet Engine Heartbeat  :: 2026-07-14 15:22:56
System Status Log           :: ACTIVE [100x Enhanced]
Insight of the Cycle        :: Talk is cheap. Show me the code. - Linus Torvalds
--------------------------------------------------------
--------------------------------------------------------
Senternet Engine Heartbeat  :: 2026-07-14 16:44:54
System Status Log           :: ACTIVE [100x Enhanced]
Insight of the Cycle        :: Refactoring complex state structures into smooth micro-interactions.
--------------------------------------------------------
--------------------------------------------------------
Senternet Engine Heartbeat  :: 2026-07-14 18:03:24
System Status Log           :: ACTIVE [100x Enhanced]
Insight of the Cycle        :: Refactoring complex state structures into smooth micro-interactions.
--------------------------------------------------------
--------------------------------------------------------
Senternet Engine Heartbeat  :: 2026-07-14 19:51:24
System Status Log           :: ACTIVE [100x Enhanced]
Insight of the Cycle        :: Strive for perfection in everything you build. - Senternet Dev Engine
--------------------------------------------------------
--------------------------------------------------------
Senternet Engine Heartbeat  :: 2026-07-14 20:59:49
System Status Log           :: ACTIVE [100x Enhanced]
Insight of the Cycle        :: Knowledge is power. Clean architecture is superpower. - Senternet Technologies
--------------------------------------------------------
--------------------------------------------------------
Senternet Engine Heartbeat  :: 2026-07-14 22:07:04
System Status Log           :: ACTIVE [100x Enhanced]
Insight of the Cycle        :: Optimizing frontend workflows to achieve 100/100 Lighthouse performance.
--------------------------------------------------------
--------------------------------------------------------
Senternet Engine Heartbeat  :: 2026-07-14 23:24:54
System Status Log           :: ACTIVE [100x Enhanced]
Insight of the Cycle        :: Make it work, make it right, make it fast. - Kent Beck
--------------------------------------------------------
--------------------------------------------------------
Senternet Engine Heartbeat  :: 2026-07-15 00:50:00
System Status Log           :: ACTIVE [100x Enhanced]
Insight of the Cycle        :: Knowledge is power. Clean architecture is superpower. - Senternet Technologies
--------------------------------------------------------
--------------------------------------------------------
Senternet Engine Heartbeat  :: 2026-07-15 03:57:43
System Status Log           :: ACTIVE [100x Enhanced]
Insight of the Cycle        :: Software is a great combination between artistry and engineering. - Bill Gates
--------------------------------------------------------
--------------------------------------------------------
Senternet Engine Heartbeat  :: 2026-07-15 06:21:48
System Status Log           :: ACTIVE [100x Enhanced]
Insight of the Cycle        :: Knowledge is power. Clean architecture is superpower. - Senternet Technologies
--------------------------------------------------------
--------------------------------------------------------
Senternet Engine Heartbeat  :: 2026-07-15 08:42:14
System Status Log           :: ACTIVE [100x Enhanced]
Insight of the Cycle        :: First, solve the problem. Then, write the code. - John Johnson
--------------------------------------------------------
--------------------------------------------------------
Senternet Engine Heartbeat  :: 2026-07-15 10:49:33
System Status Log           :: ACTIVE [100x Enhanced]
Insight of the Cycle        :: Software is a great combination between artistry and engineering. - Bill Gates
--------------------------------------------------------
--------------------------------------------------------
Senternet Engine Heartbeat  :: 2026-07-15 12:14:42
System Status Log           :: ACTIVE [100x Enhanced]
Insight of the Cycle        :: Software is a great combination between artistry and engineering. - Bill Gates
--------------------------------------------------------
--------------------------------------------------------
Senternet Engine Heartbeat  :: 2026-07-15 14:19:38
System Status Log           :: ACTIVE [100x Enhanced]
Insight of the Cycle        :: Knowledge is power. Clean architecture is superpower. - Senternet Technologies
--------------------------------------------------------
--------------------------------------------------------
Senternet Engine Heartbeat  :: 2026-07-15 16:01:28
System Status Log           :: ACTIVE [100x Enhanced]
Insight of the Cycle        :: Knowledge is power. Clean architecture is superpower. - Senternet Technologies
--------------------------------------------------------
--------------------------------------------------------
Senternet Engine Heartbeat  :: 2026-07-15 17:46:47
System Status Log           :: ACTIVE [100x Enhanced]
Insight of the Cycle        :: Knowledge is power. Clean architecture is superpower. - Senternet Technologies
--------------------------------------------------------
--------------------------------------------------------
Senternet Engine Heartbeat  :: 2026-07-15 19:10:46
System Status Log           :: ACTIVE [100x Enhanced]
Insight of the Cycle        :: Make it work, make it right, make it fast. - Kent Beck
--------------------------------------------------------
--------------------------------------------------------
Senternet Engine Heartbeat  :: 2026-07-15 20:32:52
System Status Log           :: ACTIVE [100x Enhanced]
Insight of the Cycle        :: Software is a great combination between artistry and engineering. - Bill Gates
--------------------------------------------------------
--------------------------------------------------------
Senternet Engine Heartbeat  :: 2026-07-15 22:00:24
System Status Log           :: ACTIVE [100x Enhanced]
Insight of the Cycle        :: Refactoring complex state structures into smooth micro-interactions.
--------------------------------------------------------
--------------------------------------------------------
Senternet Engine Heartbeat  :: 2026-07-15 23:28:17
System Status Log           :: ACTIVE [100x Enhanced]
Insight of the Cycle        :: Knowledge is power. Clean architecture is superpower. - Senternet Technologies
--------------------------------------------------------
--------------------------------------------------------
Senternet Engine Heartbeat  :: 2026-07-16 00:59:29
System Status Log           :: ACTIVE [100x Enhanced]
Insight of the Cycle        :: Refactoring complex state structures into smooth micro-interactions.
--------------------------------------------------------
--------------------------------------------------------
Senternet Engine Heartbeat  :: 2026-07-16 04:15:55
System Status Log           :: ACTIVE [100x Enhanced]
Insight of the Cycle        :: Make it work, make it right, make it fast. - Kent Beck
--------------------------------------------------------
--------------------------------------------------------
Senternet Engine Heartbeat  :: 2026-07-16 06:42:46
System Status Log           :: ACTIVE [100x Enhanced]
Insight of the Cycle        :: Refactoring complex state structures into smooth micro-interactions.
--------------------------------------------------------
--------------------------------------------------------
Senternet Engine Heartbeat  :: 2026-07-16 09:13:13
System Status Log           :: ACTIVE [100x Enhanced]
Insight of the Cycle        :: Talk is cheap. Show me the code. - Linus Torvalds
--------------------------------------------------------
--------------------------------------------------------
Senternet Engine Heartbeat  :: 2026-07-16 11:17:19
System Status Log           :: ACTIVE [100x Enhanced]
Insight of the Cycle        :: Knowledge is power. Clean architecture is superpower. - Senternet Technologies
--------------------------------------------------------
--------------------------------------------------------
Senternet Engine Heartbeat  :: 2026-07-16 12:59:29
System Status Log           :: ACTIVE [100x Enhanced]
Insight of the Cycle        :: Clean code always looks like it was written by someone who cares. - Michael Feathers
--------------------------------------------------------
--------------------------------------------------------
Senternet Engine Heartbeat  :: 2026-07-16 15:09:32
System Status Log           :: ACTIVE [100x Enhanced]
Insight of the Cycle        :: Make it work, make it right, make it fast. - Kent Beck
--------------------------------------------------------
--------------------------------------------------------
Senternet Engine Heartbeat  :: 2026-07-16 16:48:55
System Status Log           :: ACTIVE [100x Enhanced]
Insight of the Cycle        :: Software is a great combination between artistry and engineering. - Bill Gates
--------------------------------------------------------
--------------------------------------------------------
Senternet Engine Heartbeat  :: 2026-07-16 18:06:22
System Status Log           :: ACTIVE [100x Enhanced]
Insight of the Cycle        :: Optimizing frontend workflows to achieve 100/100 Lighthouse performance.
--------------------------------------------------------
--------------------------------------------------------
Senternet Engine Heartbeat  :: 2026-07-16 19:41:11
System Status Log           :: ACTIVE [100x Enhanced]
Insight of the Cycle        :: Make it work, make it right, make it fast. - Kent Beck
--------------------------------------------------------
--------------------------------------------------------
Senternet Engine Heartbeat  :: 2026-07-16 20:58:07
System Status Log           :: ACTIVE [100x Enhanced]
Insight of the Cycle        :: First, solve the problem. Then, write the code. - John Johnson
--------------------------------------------------------
--------------------------------------------------------
Senternet Engine Heartbeat  :: 2026-07-16 22:10:00
System Status Log           :: ACTIVE [100x Enhanced]
Insight of the Cycle        :: Talk is cheap. Show me the code. - Linus Torvalds
--------------------------------------------------------
--------------------------------------------------------
Senternet Engine Heartbeat  :: 2026-07-16 23:24:54
System Status Log           :: ACTIVE [100x Enhanced]
Insight of the Cycle        :: Knowledge is power. Clean architecture is superpower. - Senternet Technologies
--------------------------------------------------------
--------------------------------------------------------
Senternet Engine Heartbeat  :: 2026-07-17 01:00:46
System Status Log           :: ACTIVE [100x Enhanced]
Insight of the Cycle        :: Make it work, make it right, make it fast. - Kent Beck
--------------------------------------------------------
--------------------------------------------------------
Senternet Engine Heartbeat  :: 2026-07-17 04:40:44
System Status Log           :: ACTIVE [100x Enhanced]
Insight of the Cycle        :: Make it work, make it right, make it fast. - Kent Beck
--------------------------------------------------------
--------------------------------------------------------
Senternet Engine Heartbeat  :: 2026-07-17 07:16:22
System Status Log           :: ACTIVE [100x Enhanced]
Insight of the Cycle        :: Clean code always looks like it was written by someone who cares. - Michael Feathers
--------------------------------------------------------
--------------------------------------------------------
Senternet Engine Heartbeat  :: 2026-07-17 09:27:01
System Status Log           :: ACTIVE [100x Enhanced]
Insight of the Cycle        :: Knowledge is power. Clean architecture is superpower. - Senternet Technologies
--------------------------------------------------------
--------------------------------------------------------
Senternet Engine Heartbeat  :: 2026-07-17 11:06:23
System Status Log           :: ACTIVE [100x Enhanced]
Insight of the Cycle        :: Optimizing frontend workflows to achieve 100/100 Lighthouse performance.
--------------------------------------------------------
--------------------------------------------------------
Senternet Engine Heartbeat  :: 2026-07-17 12:42:48
System Status Log           :: ACTIVE [100x Enhanced]
Insight of the Cycle        :: First, solve the problem. Then, write the code. - John Johnson
--------------------------------------------------------
--------------------------------------------------------
Senternet Engine Heartbeat  :: 2026-07-17 14:43:33
System Status Log           :: ACTIVE [100x Enhanced]
Insight of the Cycle        :: Optimizing frontend workflows to achieve 100/100 Lighthouse performance.
--------------------------------------------------------
--------------------------------------------------------
Senternet Engine Heartbeat  :: 2026-07-17 16:15:17
System Status Log           :: ACTIVE [100x Enhanced]
Insight of the Cycle        :: Make it work, make it right, make it fast. - Kent Beck
--------------------------------------------------------
--------------------------------------------------------
Senternet Engine Heartbeat  :: 2026-07-17 17:38:13
System Status Log           :: ACTIVE [100x Enhanced]
Insight of the Cycle        :: Simplicity is the soul of efficiency. - Austin Freeman
--------------------------------------------------------
--------------------------------------------------------
Senternet Engine Heartbeat  :: 2026-07-17 19:08:32
System Status Log           :: ACTIVE [100x Enhanced]
Insight of the Cycle        :: Make it work, make it right, make it fast. - Kent Beck
--------------------------------------------------------
--------------------------------------------------------
Senternet Engine Heartbeat  :: 2026-07-17 20:27:19
System Status Log           :: ACTIVE [100x Enhanced]
Insight of the Cycle        :: First, solve the problem. Then, write the code. - John Johnson
--------------------------------------------------------
--------------------------------------------------------
Senternet Engine Heartbeat  :: 2026-07-17 21:22:58
System Status Log           :: ACTIVE [100x Enhanced]
Insight of the Cycle        :: First, solve the problem. Then, write the code. - John Johnson
--------------------------------------------------------
--------------------------------------------------------
Senternet Engine Heartbeat  :: 2026-07-17 22:21:42
System Status Log           :: ACTIVE [100x Enhanced]
Insight of the Cycle        :: Simplicity is the soul of efficiency. - Austin Freeman
--------------------------------------------------------
--------------------------------------------------------
Senternet Engine Heartbeat  :: 2026-07-17 23:23:57
System Status Log           :: ACTIVE [100x Enhanced]
Insight of the Cycle        :: Optimizing frontend workflows to achieve 100/100 Lighthouse performance.
--------------------------------------------------------
--------------------------------------------------------
Senternet Engine Heartbeat  :: 2026-07-18 00:55:18
System Status Log           :: ACTIVE [100x Enhanced]
Insight of the Cycle        :: Make it work, make it right, make it fast. - Kent Beck
--------------------------------------------------------
--------------------------------------------------------
Senternet Engine Heartbeat  :: 2026-07-18 03:54:56
System Status Log           :: ACTIVE [100x Enhanced]
Insight of the Cycle        :: Strive for perfection in everything you build. - Senternet Dev Engine
--------------------------------------------------------
--------------------------------------------------------
Senternet Engine Heartbeat  :: 2026-07-18 06:05:15
System Status Log           :: ACTIVE [100x Enhanced]
Insight of the Cycle        :: First, solve the problem. Then, write the code. - John Johnson
--------------------------------------------------------
--------------------------------------------------------
Senternet Engine Heartbeat  :: 2026-07-18 08:19:46
System Status Log           :: ACTIVE [100x Enhanced]
Insight of the Cycle        :: Talk is cheap. Show me the code. - Linus Torvalds
--------------------------------------------------------
--------------------------------------------------------
Senternet Engine Heartbeat  :: 2026-07-18 09:56:19
System Status Log           :: ACTIVE [100x Enhanced]
Insight of the Cycle        :: Optimizing frontend workflows to achieve 100/100 Lighthouse performance.
--------------------------------------------------------
--------------------------------------------------------
Senternet Engine Heartbeat  :: 2026-07-18 11:06:24
System Status Log           :: ACTIVE [100x Enhanced]
Insight of the Cycle        :: Clean code always looks like it was written by someone who cares. - Michael Feathers
--------------------------------------------------------
--------------------------------------------------------
Senternet Engine Heartbeat  :: 2026-07-18 12:12:19
System Status Log           :: ACTIVE [100x Enhanced]
Insight of the Cycle        :: Clean code always looks like it was written by someone who cares. - Michael Feathers
--------------------------------------------------------
--------------------------------------------------------
Senternet Engine Heartbeat  :: 2026-07-18 13:56:38
System Status Log           :: ACTIVE [100x Enhanced]
Insight of the Cycle        :: Make it work, make it right, make it fast. - Kent Beck
--------------------------------------------------------
--------------------------------------------------------
Senternet Engine Heartbeat  :: 2026-07-18 14:57:45
System Status Log           :: ACTIVE [100x Enhanced]
Insight of the Cycle        :: Clean code always looks like it was written by someone who cares. - Michael Feathers
--------------------------------------------------------
--------------------------------------------------------
Senternet Engine Heartbeat  :: 2026-07-18 16:02:30
System Status Log           :: ACTIVE [100x Enhanced]
Insight of the Cycle        :: Clean code always looks like it was written by someone who cares. - Michael Feathers
--------------------------------------------------------
--------------------------------------------------------
Senternet Engine Heartbeat  :: 2026-07-18 17:30:07
System Status Log           :: ACTIVE [100x Enhanced]
Insight of the Cycle        :: Strive for perfection in everything you build. - Senternet Dev Engine
--------------------------------------------------------
--------------------------------------------------------
Senternet Engine Heartbeat  :: 2026-07-18 19:03:38
System Status Log           :: ACTIVE [100x Enhanced]
Insight of the Cycle        :: Optimizing frontend workflows to achieve 100/100 Lighthouse performance.
--------------------------------------------------------
--------------------------------------------------------
Senternet Engine Heartbeat  :: 2026-07-18 20:11:56
System Status Log           :: ACTIVE [100x Enhanced]
Insight of the Cycle        :: Clean code always looks like it was written by someone who cares. - Michael Feathers
--------------------------------------------------------
--------------------------------------------------------
Senternet Engine Heartbeat  :: 2026-07-18 21:22:50
System Status Log           :: ACTIVE [100x Enhanced]
Insight of the Cycle        :: First, solve the problem. Then, write the code. - John Johnson
--------------------------------------------------------
--------------------------------------------------------
Senternet Engine Heartbeat  :: 2026-07-18 22:22:27
System Status Log           :: ACTIVE [100x Enhanced]
Insight of the Cycle        :: Clean code always looks like it was written by someone who cares. - Michael Feathers
--------------------------------------------------------
--------------------------------------------------------
Senternet Engine Heartbeat  :: 2026-07-18 23:26:14
System Status Log           :: ACTIVE [100x Enhanced]
Insight of the Cycle        :: First, solve the problem. Then, write the code. - John Johnson
--------------------------------------------------------
--------------------------------------------------------
Senternet Engine Heartbeat  :: 2026-07-19 01:01:58
System Status Log           :: ACTIVE [100x Enhanced]
Insight of the Cycle        :: Optimizing frontend workflows to achieve 100/100 Lighthouse performance.
--------------------------------------------------------
--------------------------------------------------------
Senternet Engine Heartbeat  :: 2026-07-19 04:47:40
System Status Log           :: ACTIVE [100x Enhanced]
Insight of the Cycle        :: First, solve the problem. Then, write the code. - John Johnson
--------------------------------------------------------
--------------------------------------------------------
Senternet Engine Heartbeat  :: 2026-07-19 07:26:12
System Status Log           :: ACTIVE [100x Enhanced]
Insight of the Cycle        :: Software is a great combination between artistry and engineering. - Bill Gates
--------------------------------------------------------
--------------------------------------------------------
Senternet Engine Heartbeat  :: 2026-07-19 09:27:19
System Status Log           :: ACTIVE [100x Enhanced]
Insight of the Cycle        :: Clean code always looks like it was written by someone who cares. - Michael Feathers
--------------------------------------------------------
--------------------------------------------------------
Senternet Engine Heartbeat  :: 2026-07-19 10:54:41
System Status Log           :: ACTIVE [100x Enhanced]
Insight of the Cycle        :: Refactoring complex state structures into smooth micro-interactions.
--------------------------------------------------------
--------------------------------------------------------
Senternet Engine Heartbeat  :: 2026-07-19 11:58:10
System Status Log           :: ACTIVE [100x Enhanced]
Insight of the Cycle        :: Knowledge is power. Clean architecture is superpower. - Senternet Technologies
--------------------------------------------------------
--------------------------------------------------------
Senternet Engine Heartbeat  :: 2026-07-19 13:42:21
System Status Log           :: ACTIVE [100x Enhanced]
Insight of the Cycle        :: Clean code always looks like it was written by someone who cares. - Michael Feathers
--------------------------------------------------------
--------------------------------------------------------
Senternet Engine Heartbeat  :: 2026-07-19 14:55:30
System Status Log           :: ACTIVE [100x Enhanced]
Insight of the Cycle        :: Simplicity is the soul of efficiency. - Austin Freeman
--------------------------------------------------------
--------------------------------------------------------
Senternet Engine Heartbeat  :: 2026-07-19 15:58:03
System Status Log           :: ACTIVE [100x Enhanced]
Insight of the Cycle        :: First, solve the problem. Then, write the code. - John Johnson
--------------------------------------------------------
--------------------------------------------------------
Senternet Engine Heartbeat  :: 2026-07-19 17:07:40
System Status Log           :: ACTIVE [100x Enhanced]
Insight of the Cycle        :: Strive for perfection in everything you build. - Senternet Dev Engine
--------------------------------------------------------
--------------------------------------------------------
Senternet Engine Heartbeat  :: 2026-07-19 18:26:57
System Status Log           :: ACTIVE [100x Enhanced]
Insight of the Cycle        :: Clean code always looks like it was written by someone who cares. - Michael Feathers
--------------------------------------------------------
--------------------------------------------------------
Senternet Engine Heartbeat  :: 2026-07-19 19:42:28
System Status Log           :: ACTIVE [100x Enhanced]
Insight of the Cycle        :: First, solve the problem. Then, write the code. - John Johnson
--------------------------------------------------------
--------------------------------------------------------
Senternet Engine Heartbeat  :: 2026-07-19 20:48:31
System Status Log           :: ACTIVE [100x Enhanced]
Insight of the Cycle        :: Software is a great combination between artistry and engineering. - Bill Gates
--------------------------------------------------------
--------------------------------------------------------
Senternet Engine Heartbeat  :: 2026-07-19 21:52:30
System Status Log           :: ACTIVE [100x Enhanced]
Insight of the Cycle        :: Strive for perfection in everything you build. - Senternet Dev Engine
--------------------------------------------------------
--------------------------------------------------------
Senternet Engine Heartbeat  :: 2026-07-19 22:52:12
System Status Log           :: ACTIVE [100x Enhanced]
Insight of the Cycle        :: First, solve the problem. Then, write the code. - John Johnson
--------------------------------------------------------
--------------------------------------------------------
Senternet Engine Heartbeat  :: 2026-07-19 23:57:23
System Status Log           :: ACTIVE [100x Enhanced]
Insight of the Cycle        :: Make it work, make it right, make it fast. - Kent Beck
--------------------------------------------------------
--------------------------------------------------------
Senternet Engine Heartbeat  :: 2026-07-20 03:39:31
System Status Log           :: ACTIVE [100x Enhanced]
Insight of the Cycle        :: Knowledge is power. Clean architecture is superpower. - Senternet Technologies
--------------------------------------------------------
--------------------------------------------------------
Senternet Engine Heartbeat  :: 2026-07-20 06:45:28
System Status Log           :: ACTIVE [100x Enhanced]
Insight of the Cycle        :: Optimizing frontend workflows to achieve 100/100 Lighthouse performance.
--------------------------------------------------------
--------------------------------------------------------
Senternet Engine Heartbeat  :: 2026-07-20 10:10:34
System Status Log           :: ACTIVE [100x Enhanced]
Insight of the Cycle        :: Optimizing frontend workflows to achieve 100/100 Lighthouse performance.
--------------------------------------------------------
--------------------------------------------------------
Senternet Engine Heartbeat  :: 2026-07-20 12:31:19
System Status Log           :: ACTIVE [100x Enhanced]
Insight of the Cycle        :: Talk is cheap. Show me the code. - Linus Torvalds
--------------------------------------------------------
--------------------------------------------------------
Senternet Engine Heartbeat  :: 2026-07-20 15:11:20
System Status Log           :: ACTIVE [100x Enhanced]
Insight of the Cycle        :: Clean code always looks like it was written by someone who cares. - Michael Feathers
--------------------------------------------------------
--------------------------------------------------------
Senternet Engine Heartbeat  :: 2026-07-20 16:55:18
System Status Log           :: ACTIVE [100x Enhanced]
Insight of the Cycle        :: Optimizing frontend workflows to achieve 100/100 Lighthouse performance.
--------------------------------------------------------
--------------------------------------------------------
Senternet Engine Heartbeat  :: 2026-07-20 18:52:41
System Status Log           :: ACTIVE [100x Enhanced]
Insight of the Cycle        :: Software is a great combination between artistry and engineering. - Bill Gates
--------------------------------------------------------
--------------------------------------------------------
Senternet Engine Heartbeat  :: 2026-07-20 20:20:47
System Status Log           :: ACTIVE [100x Enhanced]
Insight of the Cycle        :: Software is a great combination between artistry and engineering. - Bill Gates
--------------------------------------------------------
--------------------------------------------------------
Senternet Engine Heartbeat  :: 2026-07-20 21:42:56
System Status Log           :: ACTIVE [100x Enhanced]
Insight of the Cycle        :: Refactoring complex state structures into smooth micro-interactions.
--------------------------------------------------------
--------------------------------------------------------
Senternet Engine Heartbeat  :: 2026-07-20 23:00:38
System Status Log           :: ACTIVE [100x Enhanced]
Insight of the Cycle        :: Strive for perfection in everything you build. - Senternet Dev Engine
--------------------------------------------------------
--------------------------------------------------------
Senternet Engine Heartbeat  :: 2026-07-21 00:57:28
System Status Log           :: ACTIVE [100x Enhanced]
Insight of the Cycle        :: Refactoring complex state structures into smooth micro-interactions.
--------------------------------------------------------
--------------------------------------------------------
Senternet Engine Heartbeat  :: 2026-07-21 04:19:01
System Status Log           :: ACTIVE [100x Enhanced]
Insight of the Cycle        :: First, solve the problem. Then, write the code. - John Johnson
--------------------------------------------------------
--------------------------------------------------------
Senternet Engine Heartbeat  :: 2026-07-21 07:07:15
System Status Log           :: ACTIVE [100x Enhanced]
Insight of the Cycle        :: Knowledge is power. Clean architecture is superpower. - Senternet Technologies
--------------------------------------------------------
--------------------------------------------------------
Senternet Engine Heartbeat  :: 2026-07-21 10:01:16
System Status Log           :: ACTIVE [100x Enhanced]
Insight of the Cycle        :: Simplicity is the soul of efficiency. - Austin Freeman
--------------------------------------------------------
--------------------------------------------------------
Senternet Engine Heartbeat  :: 2026-07-21 12:07:47
System Status Log           :: ACTIVE [100x Enhanced]
Insight of the Cycle        :: Optimizing frontend workflows to achieve 100/100 Lighthouse performance.
--------------------------------------------------------
--------------------------------------------------------
Senternet Engine Heartbeat  :: 2026-07-21 14:33:48
System Status Log           :: ACTIVE [100x Enhanced]
Insight of the Cycle        :: Talk is cheap. Show me the code. - Linus Torvalds
--------------------------------------------------------
--------------------------------------------------------
Senternet Engine Heartbeat  :: 2026-07-21 16:22:26
System Status Log           :: ACTIVE [100x Enhanced]
Insight of the Cycle        :: Clean code always looks like it was written by someone who cares. - Michael Feathers
--------------------------------------------------------
--------------------------------------------------------
Senternet Engine Heartbeat  :: 2026-07-21 17:53:06
System Status Log           :: ACTIVE [100x Enhanced]
Insight of the Cycle        :: Optimizing frontend workflows to achieve 100/100 Lighthouse performance.
--------------------------------------------------------
--------------------------------------------------------
Senternet Engine Heartbeat  :: 2026-07-21 19:21:46
System Status Log           :: ACTIVE [100x Enhanced]
Insight of the Cycle        :: Simplicity is the soul of efficiency. - Austin Freeman
--------------------------------------------------------
--------------------------------------------------------
Senternet Engine Heartbeat  :: 2026-07-21 20:44:17
System Status Log           :: ACTIVE [100x Enhanced]
Insight of the Cycle        :: Optimizing frontend workflows to achieve 100/100 Lighthouse performance.
--------------------------------------------------------
--------------------------------------------------------
Senternet Engine Heartbeat  :: 2026-07-21 22:03:06
System Status Log           :: ACTIVE [100x Enhanced]
Insight of the Cycle        :: Strive for perfection in everything you build. - Senternet Dev Engine
--------------------------------------------------------
--------------------------------------------------------
Senternet Engine Heartbeat  :: 2026-07-21 23:28:00
System Status Log           :: ACTIVE [100x Enhanced]
Insight of the Cycle        :: Make it work, make it right, make it fast. - Kent Beck
--------------------------------------------------------
--------------------------------------------------------
Senternet Engine Heartbeat  :: 2026-07-22 00:58:44
System Status Log           :: ACTIVE [100x Enhanced]
Insight of the Cycle        :: Optimizing frontend workflows to achieve 100/100 Lighthouse performance.
--------------------------------------------------------
--------------------------------------------------------
Senternet Engine Heartbeat  :: 2026-07-22 04:23:44
System Status Log           :: ACTIVE [100x Enhanced]
Insight of the Cycle        :: Software is a great combination between artistry and engineering. - Bill Gates
--------------------------------------------------------
--------------------------------------------------------
Senternet Engine Heartbeat  :: 2026-07-22 07:10:17
System Status Log           :: ACTIVE [100x Enhanced]
Insight of the Cycle        :: Make it work, make it right, make it fast. - Kent Beck
--------------------------------------------------------
--------------------------------------------------------
Senternet Engine Heartbeat  :: 2026-07-22 09:59:06
System Status Log           :: ACTIVE [100x Enhanced]
Insight of the Cycle        :: Software is a great combination between artistry and engineering. - Bill Gates
--------------------------------------------------------
--------------------------------------------------------
Senternet Engine Heartbeat  :: 2026-07-22 11:56:15
System Status Log           :: ACTIVE [100x Enhanced]
Insight of the Cycle        :: First, solve the problem. Then, write the code. - John Johnson
--------------------------------------------------------
--------------------------------------------------------
Senternet Engine Heartbeat  :: 2026-07-22 14:01:57
System Status Log           :: ACTIVE [100x Enhanced]
Insight of the Cycle        :: Refactoring complex state structures into smooth micro-interactions.
--------------------------------------------------------
--------------------------------------------------------
Senternet Engine Heartbeat  :: 2026-07-22 15:58:39
System Status Log           :: ACTIVE [100x Enhanced]
Insight of the Cycle        :: Strive for perfection in everything you build. - Senternet Dev Engine
--------------------------------------------------------
--------------------------------------------------------
Senternet Engine Heartbeat  :: 2026-07-22 17:33:50
System Status Log           :: ACTIVE [100x Enhanced]
Insight of the Cycle        :: First, solve the problem. Then, write the code. - John Johnson
--------------------------------------------------------
--------------------------------------------------------
Senternet Engine Heartbeat  :: 2026-07-22 19:19:03
System Status Log           :: ACTIVE [100x Enhanced]
Insight of the Cycle        :: Clean code always looks like it was written by someone who cares. - Michael Feathers
--------------------------------------------------------
--------------------------------------------------------
Senternet Engine Heartbeat  :: 2026-07-22 20:37:45
System Status Log           :: ACTIVE [100x Enhanced]
Insight of the Cycle        :: Strive for perfection in everything you build. - Senternet Dev Engine
--------------------------------------------------------
--------------------------------------------------------
Senternet Engine Heartbeat  :: 2026-07-22 22:03:03
System Status Log           :: ACTIVE [100x Enhanced]
Insight of the Cycle        :: Strive for perfection in everything you build. - Senternet Dev Engine
--------------------------------------------------------
--------------------------------------------------------
Senternet Engine Heartbeat  :: 2026-07-22 23:29:25
System Status Log           :: ACTIVE [100x Enhanced]
Insight of the Cycle        :: Talk is cheap. Show me the code. - Linus Torvalds
--------------------------------------------------------
--------------------------------------------------------
Senternet Engine Heartbeat  :: 2026-07-23 01:04:56
System Status Log           :: ACTIVE [100x Enhanced]
Insight of the Cycle        :: Simplicity is the soul of efficiency. - Austin Freeman
--------------------------------------------------------
--------------------------------------------------------
Senternet Engine Heartbeat  :: 2026-07-23 04:50:32
System Status Log           :: ACTIVE [100x Enhanced]
Insight of the Cycle        :: First, solve the problem. Then, write the code. - John Johnson
--------------------------------------------------------
--------------------------------------------------------
Senternet Engine Heartbeat  :: 2026-07-23 07:32:24
System Status Log           :: ACTIVE [100x Enhanced]
Insight of the Cycle        :: Make it work, make it right, make it fast. - Kent Beck
--------------------------------------------------------
--------------------------------------------------------
Senternet Engine Heartbeat  :: 2026-07-23 10:22:37
System Status Log           :: ACTIVE [100x Enhanced]
Insight of the Cycle        :: Optimizing frontend workflows to achieve 100/100 Lighthouse performance.
--------------------------------------------------------
--------------------------------------------------------
Senternet Engine Heartbeat  :: 2026-07-23 12:09:32
System Status Log           :: ACTIVE [100x Enhanced]
Insight of the Cycle        :: Clean code always looks like it was written by someone who cares. - Michael Feathers
--------------------------------------------------------
--------------------------------------------------------
Senternet Engine Heartbeat  :: 2026-07-23 14:40:45
System Status Log           :: ACTIVE [100x Enhanced]
Insight of the Cycle        :: Software is a great combination between artistry and engineering. - Bill Gates
--------------------------------------------------------
--------------------------------------------------------
Senternet Engine Heartbeat  :: 2026-07-23 16:25:48
System Status Log           :: ACTIVE [100x Enhanced]
Insight of the Cycle        :: Talk is cheap. Show me the code. - Linus Torvalds
--------------------------------------------------------
--------------------------------------------------------
Senternet Engine Heartbeat  :: 2026-07-23 17:55:10
System Status Log           :: ACTIVE [100x Enhanced]
Insight of the Cycle        :: Software is a great combination between artistry and engineering. - Bill Gates
--------------------------------------------------------
--------------------------------------------------------
Senternet Engine Heartbeat  :: 2026-07-23 19:17:27
System Status Log           :: ACTIVE [100x Enhanced]
Insight of the Cycle        :: Make it work, make it right, make it fast. - Kent Beck
--------------------------------------------------------
--------------------------------------------------------
Senternet Engine Heartbeat  :: 2026-07-23 20:35:14
System Status Log           :: ACTIVE [100x Enhanced]
Insight of the Cycle        :: Software is a great combination between artistry and engineering. - Bill Gates
--------------------------------------------------------
--------------------------------------------------------
Senternet Engine Heartbeat  :: 2026-07-23 22:03:17
System Status Log           :: ACTIVE [100x Enhanced]
Insight of the Cycle        :: Refactoring complex state structures into smooth micro-interactions.
--------------------------------------------------------
--------------------------------------------------------
Senternet Engine Heartbeat  :: 2026-07-23 23:27:56
System Status Log           :: ACTIVE [100x Enhanced]
Insight of the Cycle        :: Software is a great combination between artistry and engineering. - Bill Gates
--------------------------------------------------------
--------------------------------------------------------
Senternet Engine Heartbeat  :: 2026-07-24 00:58:04
System Status Log           :: ACTIVE [100x Enhanced]
Insight of the Cycle        :: Optimizing frontend workflows to achieve 100/100 Lighthouse performance.
--------------------------------------------------------
--------------------------------------------------------
Senternet Engine Heartbeat  :: 2026-07-24 04:21:02
System Status Log           :: ACTIVE [100x Enhanced]
Insight of the Cycle        :: Refactoring complex state structures into smooth micro-interactions.
--------------------------------------------------------
--------------------------------------------------------
Senternet Engine Heartbeat  :: 2026-07-24 07:06:57
System Status Log           :: ACTIVE [100x Enhanced]
Insight of the Cycle        :: Software is a great combination between artistry and engineering. - Bill Gates
--------------------------------------------------------
--------------------------------------------------------
Senternet Engine Heartbeat  :: 2026-07-24 09:54:34
System Status Log           :: ACTIVE [100x Enhanced]
Insight of the Cycle        :: Talk is cheap. Show me the code. - Linus Torvalds
--------------------------------------------------------
--------------------------------------------------------
Senternet Engine Heartbeat  :: 2026-07-24 11:41:34
System Status Log           :: ACTIVE [100x Enhanced]
Insight of the Cycle        :: Strive for perfection in everything you build. - Senternet Dev Engine
--------------------------------------------------------
--------------------------------------------------------
Senternet Engine Heartbeat  :: 2026-07-24 13:44:57
System Status Log           :: ACTIVE [100x Enhanced]
Insight of the Cycle        :: Knowledge is power. Clean architecture is superpower. - Senternet Technologies
--------------------------------------------------------
--------------------------------------------------------
Senternet Engine Heartbeat  :: 2026-07-24 15:25:18
System Status Log           :: ACTIVE [100x Enhanced]
Insight of the Cycle        :: Software is a great combination between artistry and engineering. - Bill Gates
--------------------------------------------------------
--------------------------------------------------------
Senternet Engine Heartbeat  :: 2026-07-24 17:04:51
System Status Log           :: ACTIVE [100x Enhanced]
Insight of the Cycle        :: Knowledge is power. Clean architecture is superpower. - Senternet Technologies
--------------------------------------------------------
--------------------------------------------------------
Senternet Engine Heartbeat  :: 2026-07-24 18:57:16
System Status Log           :: ACTIVE [100x Enhanced]
Insight of the Cycle        :: Clean code always looks like it was written by someone who cares. - Michael Feathers
--------------------------------------------------------
--------------------------------------------------------
Senternet Engine Heartbeat  :: 2026-07-24 20:24:10
System Status Log           :: ACTIVE [100x Enhanced]
Insight of the Cycle        :: Strive for perfection in everything you build. - Senternet Dev Engine
--------------------------------------------------------
--------------------------------------------------------
Senternet Engine Heartbeat  :: 2026-07-24 21:36:51
System Status Log           :: ACTIVE [100x Enhanced]
Insight of the Cycle        :: Strive for perfection in everything you build. - Senternet Dev Engine
--------------------------------------------------------
--------------------------------------------------------
Senternet Engine Heartbeat  :: 2026-07-24 23:01:39
System Status Log           :: ACTIVE [100x Enhanced]
Insight of the Cycle        :: Clean code always looks like it was written by someone who cares. - Michael Feathers
--------------------------------------------------------
--------------------------------------------------------
Senternet Engine Heartbeat  :: 2026-07-25 01:01:41
System Status Log           :: ACTIVE [100x Enhanced]
Insight of the Cycle        :: Knowledge is power. Clean architecture is superpower. - Senternet Technologies
--------------------------------------------------------
--------------------------------------------------------
Senternet Engine Heartbeat  :: 2026-07-25 04:42:48
System Status Log           :: ACTIVE [100x Enhanced]
Insight of the Cycle        :: Make it work, make it right, make it fast. - Kent Beck
--------------------------------------------------------
--------------------------------------------------------
Senternet Engine Heartbeat  :: 2026-07-25 07:16:19
System Status Log           :: ACTIVE [100x Enhanced]
Insight of the Cycle        :: First, solve the problem. Then, write the code. - John Johnson
--------------------------------------------------------
--------------------------------------------------------
Senternet Engine Heartbeat  :: 2026-07-25 09:17:07
System Status Log           :: ACTIVE [100x Enhanced]
Insight of the Cycle        :: Strive for perfection in everything you build. - Senternet Dev Engine
--------------------------------------------------------
--------------------------------------------------------
Senternet Engine Heartbeat  :: 2026-07-25 10:51:49
System Status Log           :: ACTIVE [100x Enhanced]
Insight of the Cycle        :: Optimizing frontend workflows to achieve 100/100 Lighthouse performance.
--------------------------------------------------------
--------------------------------------------------------
Senternet Engine Heartbeat  :: 2026-07-25 12:02:09
System Status Log           :: ACTIVE [100x Enhanced]
Insight of the Cycle        :: First, solve the problem. Then, write the code. - John Johnson
--------------------------------------------------------
--------------------------------------------------------
Senternet Engine Heartbeat  :: 2026-07-25 14:09:35
System Status Log           :: ACTIVE [100x Enhanced]
Insight of the Cycle        :: Clean code always looks like it was written by someone who cares. - Michael Feathers
--------------------------------------------------------
--------------------------------------------------------
Senternet Engine Heartbeat  :: 2026-07-25 15:39:27
System Status Log           :: ACTIVE [100x Enhanced]
Insight of the Cycle        :: Refactoring complex state structures into smooth micro-interactions.
--------------------------------------------------------
--------------------------------------------------------
Senternet Engine Heartbeat  :: 2026-07-25 16:57:08
System Status Log           :: ACTIVE [100x Enhanced]
Insight of the Cycle        :: Software is a great combination between artistry and engineering. - Bill Gates
--------------------------------------------------------
--------------------------------------------------------
Senternet Engine Heartbeat  :: 2026-07-25 18:00:22
System Status Log           :: ACTIVE [100x Enhanced]
Insight of the Cycle        :: Clean code always looks like it was written by someone who cares. - Michael Feathers
--------------------------------------------------------
--------------------------------------------------------
Senternet Engine Heartbeat  :: 2026-07-25 19:42:30
System Status Log           :: ACTIVE [100x Enhanced]
Insight of the Cycle        :: Make it work, make it right, make it fast. - Kent Beck
--------------------------------------------------------
--------------------------------------------------------
Senternet Engine Heartbeat  :: 2026-07-25 20:55:33
System Status Log           :: ACTIVE [100x Enhanced]
Insight of the Cycle        :: Clean code always looks like it was written by someone who cares. - Michael Feathers
--------------------------------------------------------
--------------------------------------------------------
Senternet Engine Heartbeat  :: 2026-07-25 21:55:37
System Status Log           :: ACTIVE [100x Enhanced]
Insight of the Cycle        :: Refactoring complex state structures into smooth micro-interactions.
--------------------------------------------------------
--------------------------------------------------------
Senternet Engine Heartbeat  :: 2026-07-25 22:56:19
System Status Log           :: ACTIVE [100x Enhanced]
Insight of the Cycle        :: Make it work, make it right, make it fast. - Kent Beck
--------------------------------------------------------
--------------------------------------------------------
Senternet Engine Heartbeat  :: 2026-07-26 00:02:00
System Status Log           :: ACTIVE [100x Enhanced]
Insight of the Cycle        :: Refactoring complex state structures into smooth micro-interactions.
--------------------------------------------------------
--------------------------------------------------------
Senternet Engine Heartbeat  :: 2026-07-26 04:05:31
System Status Log           :: ACTIVE [100x Enhanced]
Insight of the Cycle        :: Talk is cheap. Show me the code. - Linus Torvalds
--------------------------------------------------------
--------------------------------------------------------
Senternet Engine Heartbeat  :: 2026-07-26 07:10:03
System Status Log           :: ACTIVE [100x Enhanced]
Insight of the Cycle        :: Clean code always looks like it was written by someone who cares. - Michael Feathers
--------------------------------------------------------
--------------------------------------------------------
Senternet Engine Heartbeat  :: 2026-07-26 09:32:46
System Status Log           :: ACTIVE [100x Enhanced]
Insight of the Cycle        :: Software is a great combination between artistry and engineering. - Bill Gates
--------------------------------------------------------
--------------------------------------------------------
Senternet Engine Heartbeat  :: 2026-07-26 11:18:54
System Status Log           :: ACTIVE [100x Enhanced]
Insight of the Cycle        :: Clean code always looks like it was written by someone who cares. - Michael Feathers
--------------------------------------------------------
--------------------------------------------------------
Senternet Engine Heartbeat  :: 2026-07-26 12:37:22
System Status Log           :: ACTIVE [100x Enhanced]
Insight of the Cycle        :: Strive for perfection in everything you build. - Senternet Dev Engine
--------------------------------------------------------
--------------------------------------------------------
Senternet Engine Heartbeat  :: 2026-07-26 14:28:37
System Status Log           :: ACTIVE [100x Enhanced]
Insight of the Cycle        :: Make it work, make it right, make it fast. - Kent Beck
--------------------------------------------------------
--------------------------------------------------------
Senternet Engine Heartbeat  :: 2026-07-26 15:42:12
System Status Log           :: ACTIVE [100x Enhanced]
Insight of the Cycle        :: Talk is cheap. Show me the code. - Linus Torvalds
--------------------------------------------------------
--------------------------------------------------------
Senternet Engine Heartbeat  :: 2026-07-26 17:00:36
System Status Log           :: ACTIVE [100x Enhanced]
Insight of the Cycle        :: Optimizing frontend workflows to achieve 100/100 Lighthouse performance.
--------------------------------------------------------
--------------------------------------------------------
Senternet Engine Heartbeat  :: 2026-07-26 18:31:57
System Status Log           :: ACTIVE [100x Enhanced]
Insight of the Cycle        :: Strive for perfection in everything you build. - Senternet Dev Engine
--------------------------------------------------------
--------------------------------------------------------
Senternet Engine Heartbeat  :: 2026-07-26 20:09:26
System Status Log           :: ACTIVE [100x Enhanced]
Insight of the Cycle        :: Knowledge is power. Clean architecture is superpower. - Senternet Technologies
--------------------------------------------------------
--------------------------------------------------------
Senternet Engine Heartbeat  :: 2026-07-26 21:26:23
System Status Log           :: ACTIVE [100x Enhanced]
Insight of the Cycle        :: Strive for perfection in everything you build. - Senternet Dev Engine
--------------------------------------------------------
--------------------------------------------------------
Senternet Engine Heartbeat  :: 2026-07-26 22:31:45
System Status Log           :: ACTIVE [100x Enhanced]
Insight of the Cycle        :: First, solve the problem. Then, write the code. - John Johnson
--------------------------------------------------------
--------------------------------------------------------
Senternet Engine Heartbeat  :: 2026-07-26 23:58:58
System Status Log           :: ACTIVE [100x Enhanced]
Insight of the Cycle        :: Talk is cheap. Show me the code. - Linus Torvalds
--------------------------------------------------------
--------------------------------------------------------
Senternet Engine Heartbeat  :: 2026-07-27 03:54:45
System Status Log           :: ACTIVE [100x Enhanced]
Insight of the Cycle        :: Software is a great combination between artistry and engineering. - Bill Gates
--------------------------------------------------------
--------------------------------------------------------
Senternet Engine Heartbeat  :: 2026-07-27 07:31:00
System Status Log           :: ACTIVE [100x Enhanced]
Insight of the Cycle        :: Optimizing frontend workflows to achieve 100/100 Lighthouse performance.
--------------------------------------------------------
--------------------------------------------------------
Senternet Engine Heartbeat  :: 2026-07-27 11:20:44
System Status Log           :: ACTIVE [100x Enhanced]
Insight of the Cycle        :: Knowledge is power. Clean architecture is superpower. - Senternet Technologies
--------------------------------------------------------
--------------------------------------------------------
Senternet Engine Heartbeat  :: 2026-07-27 13:53:15
System Status Log           :: ACTIVE [100x Enhanced]
Insight of the Cycle        :: Talk is cheap. Show me the code. - Linus Torvalds
--------------------------------------------------------
--------------------------------------------------------
Senternet Engine Heartbeat  :: 2026-07-27 16:19:39
System Status Log           :: ACTIVE [100x Enhanced]
Insight of the Cycle        :: Make it work, make it right, make it fast. - Kent Beck
--------------------------------------------------------
--------------------------------------------------------
Senternet Engine Heartbeat  :: 2026-07-27 18:04:46
System Status Log           :: ACTIVE [100x Enhanced]
Insight of the Cycle        :: Knowledge is power. Clean architecture is superpower. - Senternet Technologies
--------------------------------------------------------
--------------------------------------------------------
Senternet Engine Heartbeat  :: 2026-07-27 20:03:51
System Status Log           :: ACTIVE [100x Enhanced]
Insight of the Cycle        :: Clean code always looks like it was written by someone who cares. - Michael Feathers
--------------------------------------------------------
--------------------------------------------------------
Senternet Engine Heartbeat  :: 2026-07-27 21:38:20
System Status Log           :: ACTIVE [100x Enhanced]
Insight of the Cycle        :: Clean code always looks like it was written by someone who cares. - Michael Feathers
--------------------------------------------------------
--------------------------------------------------------
Senternet Engine Heartbeat  :: 2026-07-27 23:01:16
System Status Log           :: ACTIVE [100x Enhanced]
Insight of the Cycle        :: Refactoring complex state structures into smooth micro-interactions.
--------------------------------------------------------
--------------------------------------------------------
Senternet Engine Heartbeat  :: 2026-07-28 00:55:16
System Status Log           :: ACTIVE [100x Enhanced]
Insight of the Cycle        :: First, solve the problem. Then, write the code. - John Johnson
--------------------------------------------------------
--------------------------------------------------------
Senternet Engine Heartbeat  :: 2026-07-28 04:09:02
System Status Log           :: ACTIVE [100x Enhanced]
Insight of the Cycle        :: Strive for perfection in everything you build. - Senternet Dev Engine
--------------------------------------------------------
--------------------------------------------------------
Senternet Engine Heartbeat  :: 2026-07-28 07:12:36
System Status Log           :: ACTIVE [100x Enhanced]
Insight of the Cycle        :: Simplicity is the soul of efficiency. - Austin Freeman
--------------------------------------------------------
--------------------------------------------------------
Senternet Engine Heartbeat  :: 2026-07-28 10:05:28
System Status Log           :: ACTIVE [100x Enhanced]
Insight of the Cycle        :: Make it work, make it right, make it fast. - Kent Beck
--------------------------------------------------------
--------------------------------------------------------
Senternet Engine Heartbeat  :: 2026-07-28 12:20:19
System Status Log           :: ACTIVE [100x Enhanced]
Insight of the Cycle        :: Talk is cheap. Show me the code. - Linus Torvalds
--------------------------------------------------------
--------------------------------------------------------
Senternet Engine Heartbeat  :: 2026-07-28 14:58:56
System Status Log           :: ACTIVE [100x Enhanced]
Insight of the Cycle        :: Talk is cheap. Show me the code. - Linus Torvalds
--------------------------------------------------------
--------------------------------------------------------
Senternet Engine Heartbeat  :: 2026-07-28 16:46:16
System Status Log           :: ACTIVE [100x Enhanced]
Insight of the Cycle        :: First, solve the problem. Then, write the code. - John Johnson
--------------------------------------------------------
--------------------------------------------------------
Senternet Engine Heartbeat  :: 2026-07-28 18:13:58
System Status Log           :: ACTIVE [100x Enhanced]
Insight of the Cycle        :: Knowledge is power. Clean architecture is superpower. - Senternet Technologies
--------------------------------------------------------
--------------------------------------------------------
Senternet Engine Heartbeat  :: 2026-07-28 20:00:43
System Status Log           :: ACTIVE [100x Enhanced]
Insight of the Cycle        :: Clean code always looks like it was written by someone who cares. - Michael Feathers
--------------------------------------------------------
--------------------------------------------------------
Senternet Engine Heartbeat  :: 2026-07-28 21:38:07
System Status Log           :: ACTIVE [100x Enhanced]
Insight of the Cycle        :: Software is a great combination between artistry and engineering. - Bill Gates
--------------------------------------------------------
--------------------------------------------------------
Senternet Engine Heartbeat  :: 2026-07-28 22:58:28
System Status Log           :: ACTIVE [100x Enhanced]
Insight of the Cycle        :: Clean code always looks like it was written by someone who cares. - Michael Feathers
--------------------------------------------------------
--------------------------------------------------------
Senternet Engine Heartbeat  :: 2026-07-29 00:04:03
System Status Log           :: ACTIVE [100x Enhanced]
Insight of the Cycle        :: Talk is cheap. Show me the code. - Linus Torvalds
--------------------------------------------------------
--------------------------------------------------------
Senternet Engine Heartbeat  :: 2026-07-29 03:49:03
System Status Log           :: ACTIVE [100x Enhanced]
Insight of the Cycle        :: Talk is cheap. Show me the code. - Linus Torvalds
--------------------------------------------------------
--------------------------------------------------------
Senternet Engine Heartbeat  :: 2026-07-29 06:30:18
System Status Log           :: ACTIVE [100x Enhanced]
Insight of the Cycle        :: Make it work, make it right, make it fast. - Kent Beck
--------------------------------------------------------
--------------------------------------------------------
Senternet Engine Heartbeat  :: 2026-07-29 09:37:06
System Status Log           :: ACTIVE [100x Enhanced]
Insight of the Cycle        :: Talk is cheap. Show me the code. - Linus Torvalds
--------------------------------------------------------
--------------------------------------------------------
Senternet Engine Heartbeat  :: 2026-07-29 12:00:31
System Status Log           :: ACTIVE [100x Enhanced]
Insight of the Cycle        :: Refactoring complex state structures into smooth micro-interactions.
--------------------------------------------------------
--------------------------------------------------------
Senternet Engine Heartbeat  :: 2026-07-29 14:41:02
System Status Log           :: ACTIVE [100x Enhanced]
Insight of the Cycle        :: First, solve the problem. Then, write the code. - John Johnson
--------------------------------------------------------
--------------------------------------------------------
Senternet Engine Heartbeat  :: 2026-07-29 16:21:21
System Status Log           :: ACTIVE [100x Enhanced]
Insight of the Cycle        :: Simplicity is the soul of efficiency. - Austin Freeman
--------------------------------------------------------
--------------------------------------------------------
Senternet Engine Heartbeat  :: 2026-07-29 17:47:28
System Status Log           :: ACTIVE [100x Enhanced]
Insight of the Cycle        :: Strive for perfection in everything you build. - Senternet Dev Engine
--------------------------------------------------------
--------------------------------------------------------
Senternet Engine Heartbeat  :: 2026-07-29 19:15:34
System Status Log           :: ACTIVE [100x Enhanced]
Insight of the Cycle        :: Optimizing frontend workflows to achieve 100/100 Lighthouse performance.
--------------------------------------------------------
--------------------------------------------------------
Senternet Engine Heartbeat  :: 2026-07-29 20:29:36
System Status Log           :: ACTIVE [100x Enhanced]
Insight of the Cycle        :: Strive for perfection in everything you build. - Senternet Dev Engine
--------------------------------------------------------
--------------------------------------------------------
Senternet Engine Heartbeat  :: 2026-07-29 21:29:30
System Status Log           :: ACTIVE [100x Enhanced]
Insight of the Cycle        :: Talk is cheap. Show me the code. - Linus Torvalds
--------------------------------------------------------
--------------------------------------------------------
Senternet Engine Heartbeat  :: 2026-07-29 22:31:54
System Status Log           :: ACTIVE [100x Enhanced]
Insight of the Cycle        :: Talk is cheap. Show me the code. - Linus Torvalds
--------------------------------------------------------
--------------------------------------------------------
Senternet Engine Heartbeat  :: 2026-07-29 23:59:03
System Status Log           :: ACTIVE [100x Enhanced]
Insight of the Cycle        :: Software is a great combination between artistry and engineering. - Bill Gates
--------------------------------------------------------
--------------------------------------------------------
Senternet Engine Heartbeat  :: 2026-07-30 03:15:51
System Status Log           :: ACTIVE [100x Enhanced]
Insight of the Cycle        :: Simplicity is the soul of efficiency. - Austin Freeman
--------------------------------------------------------
--------------------------------------------------------
Senternet Engine Heartbeat  :: 2026-07-30 06:06:09
System Status Log           :: ACTIVE [100x Enhanced]
Insight of the Cycle        :: Strive for perfection in everything you build. - Senternet Dev Engine
--------------------------------------------------------
--------------------------------------------------------
Senternet Engine Heartbeat  :: 2026-07-30 09:13:35
System Status Log           :: ACTIVE [100x Enhanced]
Insight of the Cycle        :: First, solve the problem. Then, write the code. - John Johnson
--------------------------------------------------------
--------------------------------------------------------
Senternet Engine Heartbeat  :: 2026-07-30 11:28:53
System Status Log           :: ACTIVE [100x Enhanced]
Insight of the Cycle        :: First, solve the problem. Then, write the code. - John Johnson
--------------------------------------------------------
--------------------------------------------------------
Senternet Engine Heartbeat  :: 2026-07-30 13:09:37
System Status Log           :: ACTIVE [100x Enhanced]
Insight of the Cycle        :: First, solve the problem. Then, write the code. - John Johnson
--------------------------------------------------------
--------------------------------------------------------
Senternet Engine Heartbeat  :: 2026-07-30 15:30:46
System Status Log           :: ACTIVE [100x Enhanced]
Insight of the Cycle        :: Make it work, make it right, make it fast. - Kent Beck
--------------------------------------------------------
--------------------------------------------------------
Senternet Engine Heartbeat  :: 2026-07-30 17:26:43
System Status Log           :: ACTIVE [100x Enhanced]
Insight of the Cycle        :: Knowledge is power. Clean architecture is superpower. - Senternet Technologies
--------------------------------------------------------
--------------------------------------------------------
Senternet Engine Heartbeat  :: 2026-07-30 18:56:27
System Status Log           :: ACTIVE [100x Enhanced]
Insight of the Cycle        :: Simplicity is the soul of efficiency. - Austin Freeman
--------------------------------------------------------
--------------------------------------------------------
Senternet Engine Heartbeat  :: 2026-07-30 20:16:30
System Status Log           :: ACTIVE [100x Enhanced]
Insight of the Cycle        :: Refactoring complex state structures into smooth micro-interactions.
--------------------------------------------------------
--------------------------------------------------------
Senternet Engine Heartbeat  :: 2026-07-30 21:42:41
System Status Log           :: ACTIVE [100x Enhanced]
Insight of the Cycle        :: Simplicity is the soul of efficiency. - Austin Freeman
--------------------------------------------------------
--------------------------------------------------------
Senternet Engine Heartbeat  :: 2026-07-30 23:07:06
System Status Log           :: ACTIVE [100x Enhanced]
Insight of the Cycle        :: Optimizing frontend workflows to achieve 100/100 Lighthouse performance.
--------------------------------------------------------
--------------------------------------------------------
Senternet Engine Heartbeat  :: 2026-07-31 01:04:25
System Status Log           :: ACTIVE [100x Enhanced]
Insight of the Cycle        :: Strive for perfection in everything you build. - Senternet Dev Engine
--------------------------------------------------------
--------------------------------------------------------
Senternet Engine Heartbeat  :: 2026-07-31 04:59:00
System Status Log           :: ACTIVE [100x Enhanced]
Insight of the Cycle        :: Talk is cheap. Show me the code. - Linus Torvalds
--------------------------------------------------------
--------------------------------------------------------
Senternet Engine Heartbeat  :: 2026-07-31 08:03:53
System Status Log           :: ACTIVE [100x Enhanced]
Insight of the Cycle        :: Talk is cheap. Show me the code. - Linus Torvalds
--------------------------------------------------------
--------------------------------------------------------
Senternet Engine Heartbeat  :: 2026-07-31 11:05:44
System Status Log           :: ACTIVE [100x Enhanced]
Insight of the Cycle        :: First, solve the problem. Then, write the code. - John Johnson
--------------------------------------------------------
--------------------------------------------------------
Senternet Engine Heartbeat  :: 2026-07-31 13:14:05
System Status Log           :: ACTIVE [100x Enhanced]
Insight of the Cycle        :: Talk is cheap. Show me the code. - Linus Torvalds
--------------------------------------------------------
--------------------------------------------------------
Senternet Engine Heartbeat  :: 2026-07-31 15:37:09
System Status Log           :: ACTIVE [100x Enhanced]
Insight of the Cycle        :: Clean code always looks like it was written by someone who cares. - Michael Feathers
--------------------------------------------------------
--------------------------------------------------------
Senternet Engine Heartbeat  :: 2026-07-31 17:36:16
System Status Log           :: ACTIVE [100x Enhanced]
Insight of the Cycle        :: First, solve the problem. Then, write the code. - John Johnson
--------------------------------------------------------
--------------------------------------------------------
Senternet Engine Heartbeat  :: 2026-07-31 19:23:48
System Status Log           :: ACTIVE [100x Enhanced]
Insight of the Cycle        :: First, solve the problem. Then, write the code. - John Johnson
--------------------------------------------------------
--------------------------------------------------------
Senternet Engine Heartbeat  :: 2026-07-31 20:41:30
System Status Log           :: ACTIVE [100x Enhanced]
Insight of the Cycle        :: Make it work, make it right, make it fast. - Kent Beck
--------------------------------------------------------
--------------------------------------------------------
Senternet Engine Heartbeat  :: 2026-07-31 22:05:24
System Status Log           :: ACTIVE [100x Enhanced]
Insight of the Cycle        :: Simplicity is the soul of efficiency. - Austin Freeman
--------------------------------------------------------
--------------------------------------------------------
Senternet Engine Heartbeat  :: 2026-07-31 23:29:44
System Status Log           :: ACTIVE [100x Enhanced]
Insight of the Cycle        :: Software is a great combination between artistry and engineering. - Bill Gates
--------------------------------------------------------
--------------------------------------------------------
Senternet Engine Heartbeat  :: 2026-08-01 01:07:06
System Status Log           :: ACTIVE [100x Enhanced]
Insight of the Cycle        :: Software is a great combination between artistry and engineering. - Bill Gates
--------------------------------------------------------
--------------------------------------------------------
Senternet Engine Heartbeat  :: 2026-08-01 04:51:01
System Status Log           :: ACTIVE [100x Enhanced]
Insight of the Cycle        :: Software is a great combination between artistry and engineering. - Bill Gates
--------------------------------------------------------
--------------------------------------------------------
Senternet Engine Heartbeat  :: 2026-08-01 07:27:15
System Status Log           :: ACTIVE [100x Enhanced]
Insight of the Cycle        :: Optimizing frontend workflows to achieve 100/100 Lighthouse performance.
--------------------------------------------------------
--------------------------------------------------------
Senternet Engine Heartbeat  :: 2026-08-01 09:32:07
System Status Log           :: ACTIVE [100x Enhanced]
Insight of the Cycle        :: Optimizing frontend workflows to achieve 100/100 Lighthouse performance.
--------------------------------------------------------
--------------------------------------------------------
Senternet Engine Heartbeat  :: 2026-08-01 11:15:55
System Status Log           :: ACTIVE [100x Enhanced]
Insight of the Cycle        :: Refactoring complex state structures into smooth micro-interactions.
--------------------------------------------------------
--------------------------------------------------------
Senternet Engine Heartbeat  :: 2026-08-01 12:32:09
System Status Log           :: ACTIVE [100x Enhanced]
Insight of the Cycle        :: Talk is cheap. Show me the code. - Linus Torvalds
--------------------------------------------------------
--------------------------------------------------------
Senternet Engine Heartbeat  :: 2026-08-01 14:25:41
System Status Log           :: ACTIVE [100x Enhanced]
Insight of the Cycle        :: Refactoring complex state structures into smooth micro-interactions.
--------------------------------------------------------
--------------------------------------------------------
Senternet Engine Heartbeat  :: 2026-08-01 15:37:04
System Status Log           :: ACTIVE [100x Enhanced]
Insight of the Cycle        :: Refactoring complex state structures into smooth micro-interactions.
--------------------------------------------------------
--------------------------------------------------------
Senternet Engine Heartbeat  :: 2026-08-01 16:58:51
System Status Log           :: ACTIVE [100x Enhanced]
Insight of the Cycle        :: First, solve the problem. Then, write the code. - John Johnson
--------------------------------------------------------
--------------------------------------------------------
Senternet Engine Heartbeat  :: 2026-08-01 18:05:18
System Status Log           :: ACTIVE [100x Enhanced]
Insight of the Cycle        :: Clean code always looks like it was written by someone who cares. - Michael Feathers
--------------------------------------------------------
--------------------------------------------------------
Senternet Engine Heartbeat  :: 2026-08-01 19:42:58
System Status Log           :: ACTIVE [100x Enhanced]
Insight of the Cycle        :: First, solve the problem. Then, write the code. - John Johnson
--------------------------------------------------------
--------------------------------------------------------
Senternet Engine Heartbeat  :: 2026-08-01 20:52:29
System Status Log           :: ACTIVE [100x Enhanced]
Insight of the Cycle        :: Optimizing frontend workflows to achieve 100/100 Lighthouse performance.
--------------------------------------------------------
--------------------------------------------------------
Senternet Engine Heartbeat  :: 2026-08-01 21:56:01
System Status Log           :: ACTIVE [100x Enhanced]
Insight of the Cycle        :: Simplicity is the soul of efficiency. - Austin Freeman
--------------------------------------------------------
--------------------------------------------------------
Senternet Engine Heartbeat  :: 2026-08-01 22:56:45
System Status Log           :: ACTIVE [100x Enhanced]
Insight of the Cycle        :: First, solve the problem. Then, write the code. - John Johnson
--------------------------------------------------------
--------------------------------------------------------
Senternet Engine Heartbeat  :: 2026-08-02 00:00:08
System Status Log           :: ACTIVE [100x Enhanced]
Insight of the Cycle        :: Strive for perfection in everything you build. - Senternet Dev Engine
--------------------------------------------------------
--------------------------------------------------------
Senternet Engine Heartbeat  :: 2026-08-02 03:43:22
System Status Log           :: ACTIVE [100x Enhanced]
Insight of the Cycle        :: Talk is cheap. Show me the code. - Linus Torvalds
--------------------------------------------------------
--------------------------------------------------------
Senternet Engine Heartbeat  :: 2026-08-02 06:32:32
System Status Log           :: ACTIVE [100x Enhanced]
Insight of the Cycle        :: Talk is cheap. Show me the code. - Linus Torvalds
--------------------------------------------------------
--------------------------------------------------------
Senternet Engine Heartbeat  :: 2026-08-02 09:08:31
System Status Log           :: ACTIVE [100x Enhanced]
Insight of the Cycle        :: Software is a great combination between artistry and engineering. - Bill Gates
--------------------------------------------------------
--------------------------------------------------------
Senternet Engine Heartbeat  :: 2026-08-02 10:58:54
System Status Log           :: ACTIVE [100x Enhanced]
Insight of the Cycle        :: First, solve the problem. Then, write the code. - John Johnson
--------------------------------------------------------
--------------------------------------------------------
Senternet Engine Heartbeat  :: 2026-08-02 12:10:32
System Status Log           :: ACTIVE [100x Enhanced]
Insight of the Cycle        :: Software is a great combination between artistry and engineering. - Bill Gates
--------------------------------------------------------
--------------------------------------------------------
Senternet Engine Heartbeat  :: 2026-08-02 14:08:08
System Status Log           :: ACTIVE [100x Enhanced]
Insight of the Cycle        :: Knowledge is power. Clean architecture is superpower. - Senternet Technologies
--------------------------------------------------------
--------------------------------------------------------
Senternet Engine Heartbeat  :: 2026-08-02 15:37:33
System Status Log           :: ACTIVE [100x Enhanced]
Insight of the Cycle        :: Knowledge is power. Clean architecture is superpower. - Senternet Technologies
--------------------------------------------------------
--------------------------------------------------------
Senternet Engine Heartbeat  :: 2026-08-02 16:58:09
System Status Log           :: ACTIVE [100x Enhanced]
Insight of the Cycle        :: Software is a great combination between artistry and engineering. - Bill Gates
--------------------------------------------------------
--------------------------------------------------------
Senternet Engine Heartbeat  :: 2026-08-02 18:04:54
System Status Log           :: ACTIVE [100x Enhanced]
Insight of the Cycle        :: Talk is cheap. Show me the code. - Linus Torvalds
--------------------------------------------------------
--------------------------------------------------------
Senternet Engine Heartbeat  :: 2026-08-02 19:43:04
System Status Log           :: ACTIVE [100x Enhanced]
Insight of the Cycle        :: First, solve the problem. Then, write the code. - John Johnson
--------------------------------------------------------
--------------------------------------------------------
Senternet Engine Heartbeat  :: 2026-08-02 20:55:07
System Status Log           :: ACTIVE [100x Enhanced]
Insight of the Cycle        :: Simplicity is the soul of efficiency. - Austin Freeman
--------------------------------------------------------
--------------------------------------------------------
Senternet Engine Heartbeat  :: 2026-08-02 21:56:06
System Status Log           :: ACTIVE [100x Enhanced]
Insight of the Cycle        :: Simplicity is the soul of efficiency. - Austin Freeman
--------------------------------------------------------
--------------------------------------------------------
Senternet Engine Heartbeat  :: 2026-08-02 22:57:22
System Status Log           :: ACTIVE [100x Enhanced]
Insight of the Cycle        :: Refactoring complex state structures into smooth micro-interactions.
--------------------------------------------------------
--------------------------------------------------------
Senternet Engine Heartbeat  :: 2026-08-03 00:02:30
System Status Log           :: ACTIVE [100x Enhanced]
Insight of the Cycle        :: Simplicity is the soul of efficiency. - Austin Freeman
--------------------------------------------------------
--------------------------------------------------------
Senternet Engine Heartbeat  :: 2026-08-03 04:05:58
System Status Log           :: ACTIVE [100x Enhanced]
Insight of the Cycle        :: Make it work, make it right, make it fast. - Kent Beck
--------------------------------------------------------
--------------------------------------------------------
Senternet Engine Heartbeat  :: 2026-08-03 07:56:32
System Status Log           :: ACTIVE [100x Enhanced]
Insight of the Cycle        :: Simplicity is the soul of efficiency. - Austin Freeman
--------------------------------------------------------
--------------------------------------------------------
Senternet Engine Heartbeat  :: 2026-08-03 11:28:52
System Status Log           :: ACTIVE [100x Enhanced]
Insight of the Cycle        :: Optimizing frontend workflows to achieve 100/100 Lighthouse performance.
--------------------------------------------------------
--------------------------------------------------------
Senternet Engine Heartbeat  :: 2026-08-03 13:58:16
System Status Log           :: ACTIVE [100x Enhanced]
Insight of the Cycle        :: Strive for perfection in everything you build. - Senternet Dev Engine
--------------------------------------------------------
--------------------------------------------------------
Senternet Engine Heartbeat  :: 2026-08-03 16:31:41
System Status Log           :: ACTIVE [100x Enhanced]
Insight of the Cycle        :: Talk is cheap. Show me the code. - Linus Torvalds
--------------------------------------------------------
--------------------------------------------------------
Senternet Engine Heartbeat  :: 2026-08-03 18:50:29
System Status Log           :: ACTIVE [100x Enhanced]
Insight of the Cycle        :: Clean code always looks like it was written by someone who cares. - Michael Feathers
--------------------------------------------------------
--------------------------------------------------------
Senternet Engine Heartbeat  :: 2026-08-03 20:26:30
System Status Log           :: ACTIVE [100x Enhanced]
Insight of the Cycle        :: Strive for perfection in everything you build. - Senternet Dev Engine
--------------------------------------------------------
--------------------------------------------------------
Senternet Engine Heartbeat  :: 2026-08-03 21:41:23
System Status Log           :: ACTIVE [100x Enhanced]
Insight of the Cycle        :: Talk is cheap. Show me the code. - Linus Torvalds
--------------------------------------------------------
--------------------------------------------------------
Senternet Engine Heartbeat  :: 2026-08-03 23:00:04
System Status Log           :: ACTIVE [100x Enhanced]
Insight of the Cycle        :: Optimizing frontend workflows to achieve 100/100 Lighthouse performance.
--------------------------------------------------------
--------------------------------------------------------
Senternet Engine Heartbeat  :: 2026-08-04 00:14:06
System Status Log           :: ACTIVE [100x Enhanced]
Insight of the Cycle        :: Knowledge is power. Clean architecture is superpower. - Senternet Technologies
--------------------------------------------------------
--------------------------------------------------------
Senternet Engine Heartbeat  :: 2026-08-04 03:48:23
System Status Log           :: ACTIVE [100x Enhanced]
Insight of the Cycle        :: Clean code always looks like it was written by someone who cares. - Michael Feathers
--------------------------------------------------------
--------------------------------------------------------
Senternet Engine Heartbeat  :: 2026-08-04 06:27:24
System Status Log           :: ACTIVE [100x Enhanced]
Insight of the Cycle        :: Simplicity is the soul of efficiency. - Austin Freeman
--------------------------------------------------------
--------------------------------------------------------
Senternet Engine Heartbeat  :: 2026-08-04 09:22:10
System Status Log           :: ACTIVE [100x Enhanced]
Insight of the Cycle        :: First, solve the problem. Then, write the code. - John Johnson
--------------------------------------------------------
--------------------------------------------------------
Senternet Engine Heartbeat  :: 2026-08-04 11:39:15
System Status Log           :: ACTIVE [100x Enhanced]
Insight of the Cycle        :: First, solve the problem. Then, write the code. - John Johnson
--------------------------------------------------------
--------------------------------------------------------
Senternet Engine Heartbeat  :: 2026-08-04 14:10:29
System Status Log           :: ACTIVE [100x Enhanced]
Insight of the Cycle        :: Software is a great combination between artistry and engineering. - Bill Gates
--------------------------------------------------------
--------------------------------------------------------
Senternet Engine Heartbeat  :: 2026-08-04 16:27:13
System Status Log           :: ACTIVE [100x Enhanced]
Insight of the Cycle        :: Make it work, make it right, make it fast. - Kent Beck
--------------------------------------------------------
--------------------------------------------------------
Senternet Engine Heartbeat  :: 2026-08-04 18:12:02
System Status Log           :: ACTIVE [100x Enhanced]
Insight of the Cycle        :: Strive for perfection in everything you build. - Senternet Dev Engine
--------------------------------------------------------
--------------------------------------------------------
Senternet Engine Heartbeat  :: 2026-08-04 20:08:51
System Status Log           :: ACTIVE [100x Enhanced]
Insight of the Cycle        :: Strive for perfection in everything you build. - Senternet Dev Engine
--------------------------------------------------------
--------------------------------------------------------
Senternet Engine Heartbeat  :: 2026-08-04 21:48:47
System Status Log           :: ACTIVE [100x Enhanced]
Insight of the Cycle        :: Make it work, make it right, make it fast. - Kent Beck
--------------------------------------------------------
--------------------------------------------------------
Senternet Engine Heartbeat  :: 2026-08-04 23:03:12
System Status Log           :: ACTIVE [100x Enhanced]
Insight of the Cycle        :: Clean code always looks like it was written by someone who cares. - Michael Feathers
--------------------------------------------------------
--------------------------------------------------------
Senternet Engine Heartbeat  :: 2026-08-05 00:54:17
System Status Log           :: ACTIVE [100x Enhanced]
Insight of the Cycle        :: Refactoring complex state structures into smooth micro-interactions.
--------------------------------------------------------
--------------------------------------------------------
Senternet Engine Heartbeat  :: 2026-08-05 04:08:53
System Status Log           :: ACTIVE [100x Enhanced]
Insight of the Cycle        :: Simplicity is the soul of efficiency. - Austin Freeman
--------------------------------------------------------
--------------------------------------------------------
Senternet Engine Heartbeat  :: 2026-08-05 07:14:27
System Status Log           :: ACTIVE [100x Enhanced]
Insight of the Cycle        :: Knowledge is power. Clean architecture is superpower. - Senternet Technologies
--------------------------------------------------------
--------------------------------------------------------
Senternet Engine Heartbeat  :: 2026-08-05 10:07:07
System Status Log           :: ACTIVE [100x Enhanced]
Insight of the Cycle        :: Strive for perfection in everything you build. - Senternet Dev Engine
--------------------------------------------------------
--------------------------------------------------------
Senternet Engine Heartbeat  :: 2026-08-05 12:23:29
System Status Log           :: ACTIVE [100x Enhanced]
Insight of the Cycle        :: Make it work, make it right, make it fast. - Kent Beck
--------------------------------------------------------
--------------------------------------------------------
Senternet Engine Heartbeat  :: 2026-08-05 14:54:41
System Status Log           :: ACTIVE [100x Enhanced]
Insight of the Cycle        :: Optimizing frontend workflows to achieve 100/100 Lighthouse performance.
--------------------------------------------------------
--------------------------------------------------------
Senternet Engine Heartbeat  :: 2026-08-05 16:41:56
System Status Log           :: ACTIVE [100x Enhanced]
Insight of the Cycle        :: First, solve the problem. Then, write the code. - John Johnson
--------------------------------------------------------
--------------------------------------------------------
Senternet Engine Heartbeat  :: 2026-08-05 18:21:20
System Status Log           :: ACTIVE [100x Enhanced]
Insight of the Cycle        :: Make it work, make it right, make it fast. - Kent Beck
--------------------------------------------------------
--------------------------------------------------------
Senternet Engine Heartbeat  :: 2026-08-05 20:08:02
System Status Log           :: ACTIVE [100x Enhanced]
Insight of the Cycle        :: First, solve the problem. Then, write the code. - John Johnson
--------------------------------------------------------
--------------------------------------------------------
Senternet Engine Heartbeat  :: 2026-08-05 21:46:25
System Status Log           :: ACTIVE [100x Enhanced]
Insight of the Cycle        :: Clean code always looks like it was written by someone who cares. - Michael Feathers
--------------------------------------------------------
--------------------------------------------------------
Senternet Engine Heartbeat  :: 2026-08-05 22:58:20
System Status Log           :: ACTIVE [100x Enhanced]
Insight of the Cycle        :: Strive for perfection in everything you build. - Senternet Dev Engine
--------------------------------------------------------
--------------------------------------------------------
Senternet Engine Heartbeat  :: 2026-08-06 00:05:12
System Status Log           :: ACTIVE [100x Enhanced]
Insight of the Cycle        :: Knowledge is power. Clean architecture is superpower. - Senternet Technologies
--------------------------------------------------------
--------------------------------------------------------
Senternet Engine Heartbeat  :: 2026-08-06 03:49:05
System Status Log           :: ACTIVE [100x Enhanced]
Insight of the Cycle        :: Make it work, make it right, make it fast. - Kent Beck
--------------------------------------------------------
--------------------------------------------------------
Senternet Engine Heartbeat  :: 2026-08-06 06:30:12
System Status Log           :: ACTIVE [100x Enhanced]
Insight of the Cycle        :: Talk is cheap. Show me the code. - Linus Torvalds
--------------------------------------------------------
--------------------------------------------------------
Senternet Engine Heartbeat  :: 2026-08-06 09:24:46
System Status Log           :: ACTIVE [100x Enhanced]
Insight of the Cycle        :: First, solve the problem. Then, write the code. - John Johnson
--------------------------------------------------------
--------------------------------------------------------
Senternet Engine Heartbeat  :: 2026-08-06 11:40:07
System Status Log           :: ACTIVE [100x Enhanced]
Insight of the Cycle        :: Simplicity is the soul of efficiency. - Austin Freeman
--------------------------------------------------------
--------------------------------------------------------
Senternet Engine Heartbeat  :: 2026-08-06 14:08:26
System Status Log           :: ACTIVE [100x Enhanced]
Insight of the Cycle        :: Refactoring complex state structures into smooth micro-interactions.
--------------------------------------------------------
--------------------------------------------------------
Senternet Engine Heartbeat  :: 2026-08-07 00:23:56
System Status Log           :: ACTIVE [100x Enhanced]
Insight of the Cycle        :: Software is a great combination between artistry and engineering. - Bill Gates
--------------------------------------------------------
--------------------------------------------------------
Senternet Engine Heartbeat  :: 2026-08-07 03:27:59
System Status Log           :: ACTIVE [100x Enhanced]
Insight of the Cycle        :: First, solve the problem. Then, write the code. - John Johnson
--------------------------------------------------------
--------------------------------------------------------
Senternet Engine Heartbeat  :: 2026-08-07 05:16:36
System Status Log           :: ACTIVE [100x Enhanced]
Insight of the Cycle        :: First, solve the problem. Then, write the code. - John Johnson
--------------------------------------------------------
--------------------------------------------------------
Senternet Engine Heartbeat  :: 2026-08-07 06:45:42
System Status Log           :: ACTIVE [100x Enhanced]
Insight of the Cycle        :: Refactoring complex state structures into smooth micro-interactions.
--------------------------------------------------------
--------------------------------------------------------
Senternet Engine Heartbeat  :: 2026-08-07 08:13:49
System Status Log           :: ACTIVE [100x Enhanced]
Insight of the Cycle        :: Software is a great combination between artistry and engineering. - Bill Gates
--------------------------------------------------------
--------------------------------------------------------
Senternet Engine Heartbeat  :: 2026-08-07 09:31:23
System Status Log           :: ACTIVE [100x Enhanced]
Insight of the Cycle        :: Strive for perfection in everything you build. - Senternet Dev Engine
--------------------------------------------------------
--------------------------------------------------------
Senternet Engine Heartbeat  :: 2026-08-07 10:51:55
System Status Log           :: ACTIVE [100x Enhanced]
Insight of the Cycle        :: Simplicity is the soul of efficiency. - Austin Freeman
--------------------------------------------------------
--------------------------------------------------------
Senternet Engine Heartbeat  :: 2026-08-07 11:44:36
System Status Log           :: ACTIVE [100x Enhanced]
Insight of the Cycle        :: Talk is cheap. Show me the code. - Linus Torvalds
--------------------------------------------------------
--------------------------------------------------------
Senternet Engine Heartbeat  :: 2026-08-07 13:02:28
System Status Log           :: ACTIVE [100x Enhanced]
Insight of the Cycle        :: Talk is cheap. Show me the code. - Linus Torvalds
--------------------------------------------------------
--------------------------------------------------------
Senternet Engine Heartbeat  :: 2026-08-07 14:31:34
System Status Log           :: ACTIVE [100x Enhanced]
Insight of the Cycle        :: First, solve the problem. Then, write the code. - John Johnson
--------------------------------------------------------
--------------------------------------------------------
Senternet Engine Heartbeat  :: 2026-08-07 15:55:11
System Status Log           :: ACTIVE [100x Enhanced]
Insight of the Cycle        :: First, solve the problem. Then, write the code. - John Johnson
--------------------------------------------------------
--------------------------------------------------------
Senternet Engine Heartbeat  :: 2026-08-07 16:54:05
System Status Log           :: ACTIVE [100x Enhanced]
Insight of the Cycle        :: Refactoring complex state structures into smooth micro-interactions.
--------------------------------------------------------
--------------------------------------------------------
Senternet Engine Heartbeat  :: 2026-08-07 17:49:23
System Status Log           :: ACTIVE [100x Enhanced]
Insight of the Cycle        :: Talk is cheap. Show me the code. - Linus Torvalds
--------------------------------------------------------
--------------------------------------------------------
Senternet Engine Heartbeat  :: 2026-08-07 18:56:12
System Status Log           :: ACTIVE [100x Enhanced]
Insight of the Cycle        :: Simplicity is the soul of efficiency. - Austin Freeman
--------------------------------------------------------
--------------------------------------------------------
Senternet Engine Heartbeat  :: 2026-08-07 19:53:06
System Status Log           :: ACTIVE [100x Enhanced]
Insight of the Cycle        :: Knowledge is power. Clean architecture is superpower. - Senternet Technologies
--------------------------------------------------------
--------------------------------------------------------
Senternet Engine Heartbeat  :: 2026-08-07 20:40:21
System Status Log           :: ACTIVE [100x Enhanced]
Insight of the Cycle        :: Make it work, make it right, make it fast. - Kent Beck
--------------------------------------------------------
--------------------------------------------------------
Senternet Engine Heartbeat  :: 2026-08-07 21:38:23
System Status Log           :: ACTIVE [100x Enhanced]
Insight of the Cycle        :: Software is a great combination between artistry and engineering. - Bill Gates
--------------------------------------------------------
--------------------------------------------------------
Senternet Engine Heartbeat  :: 2026-08-07 22:34:38
System Status Log           :: ACTIVE [100x Enhanced]
Insight of the Cycle        :: Strive for perfection in everything you build. - Senternet Dev Engine
--------------------------------------------------------
--------------------------------------------------------
Senternet Engine Heartbeat  :: 2026-08-07 23:33:08
System Status Log           :: ACTIVE [100x Enhanced]
Insight of the Cycle        :: Clean code always looks like it was written by someone who cares. - Michael Feathers
--------------------------------------------------------
--------------------------------------------------------
Senternet Engine Heartbeat  :: 2026-08-08 01:37:51
System Status Log           :: ACTIVE [100x Enhanced]
Insight of the Cycle        :: Knowledge is power. Clean architecture is superpower. - Senternet Technologies
--------------------------------------------------------
--------------------------------------------------------
Senternet Engine Heartbeat  :: 2026-08-08 03:25:04
System Status Log           :: ACTIVE [100x Enhanced]
Insight of the Cycle        :: First, solve the problem. Then, write the code. - John Johnson
--------------------------------------------------------
--------------------------------------------------------
Senternet Engine Heartbeat  :: 2026-08-08 04:34:51
System Status Log           :: ACTIVE [100x Enhanced]
Insight of the Cycle        :: Clean code always looks like it was written by someone who cares. - Michael Feathers
--------------------------------------------------------
--------------------------------------------------------
Senternet Engine Heartbeat  :: 2026-08-08 05:42:05
System Status Log           :: ACTIVE [100x Enhanced]
Insight of the Cycle        :: Simplicity is the soul of efficiency. - Austin Freeman
--------------------------------------------------------
--------------------------------------------------------
Senternet Engine Heartbeat  :: 2026-08-08 06:52:29
System Status Log           :: ACTIVE [100x Enhanced]
Insight of the Cycle        :: Simplicity is the soul of efficiency. - Austin Freeman
--------------------------------------------------------
--------------------------------------------------------
Senternet Engine Heartbeat  :: 2026-08-08 07:49:40
System Status Log           :: ACTIVE [100x Enhanced]
Insight of the Cycle        :: Knowledge is power. Clean architecture is superpower. - Senternet Technologies
--------------------------------------------------------
--------------------------------------------------------
Senternet Engine Heartbeat  :: 2026-08-08 08:40:27
System Status Log           :: ACTIVE [100x Enhanced]
Insight of the Cycle        :: First, solve the problem. Then, write the code. - John Johnson
--------------------------------------------------------
--------------------------------------------------------
Senternet Engine Heartbeat  :: 2026-08-08 09:37:10
System Status Log           :: ACTIVE [100x Enhanced]
Insight of the Cycle        :: Make it work, make it right, make it fast. - Kent Beck
--------------------------------------------------------
--------------------------------------------------------
Senternet Engine Heartbeat  :: 2026-08-08 10:32:27
System Status Log           :: ACTIVE [100x Enhanced]
Insight of the Cycle        :: Optimizing frontend workflows to achieve 100/100 Lighthouse performance.
--------------------------------------------------------
--------------------------------------------------------
Senternet Engine Heartbeat  :: 2026-08-08 11:27:44
System Status Log           :: ACTIVE [100x Enhanced]
Insight of the Cycle        :: Clean code always looks like it was written by someone who cares. - Michael Feathers
--------------------------------------------------------
--------------------------------------------------------
Senternet Engine Heartbeat  :: 2026-08-08 11:55:52
System Status Log           :: ACTIVE [100x Enhanced]
Insight of the Cycle        :: First, solve the problem. Then, write the code. - John Johnson
--------------------------------------------------------
--------------------------------------------------------
Senternet Engine Heartbeat  :: 2026-08-08 12:50:46
System Status Log           :: ACTIVE [100x Enhanced]
Insight of the Cycle        :: Clean code always looks like it was written by someone who cares. - Michael Feathers
--------------------------------------------------------
--------------------------------------------------------
Senternet Engine Heartbeat  :: 2026-08-08 13:44:47
System Status Log           :: ACTIVE [100x Enhanced]
Insight of the Cycle        :: Software is a great combination between artistry and engineering. - Bill Gates
--------------------------------------------------------
--------------------------------------------------------
Senternet Engine Heartbeat  :: 2026-08-08 14:31:30
System Status Log           :: ACTIVE [100x Enhanced]
Insight of the Cycle        :: Make it work, make it right, make it fast. - Kent Beck
--------------------------------------------------------
--------------------------------------------------------
Senternet Engine Heartbeat  :: 2026-08-08 15:28:49
System Status Log           :: ACTIVE [100x Enhanced]
Insight of the Cycle        :: Clean code always looks like it was written by someone who cares. - Michael Feathers
--------------------------------------------------------
--------------------------------------------------------
Senternet Engine Heartbeat  :: 2026-08-08 15:57:48
System Status Log           :: ACTIVE [100x Enhanced]
Insight of the Cycle        :: Make it work, make it right, make it fast. - Kent Beck
--------------------------------------------------------
--------------------------------------------------------
Senternet Engine Heartbeat  :: 2026-08-08 16:42:06
System Status Log           :: ACTIVE [100x Enhanced]
Insight of the Cycle        :: Clean code always looks like it was written by someone who cares. - Michael Feathers
--------------------------------------------------------
--------------------------------------------------------
Senternet Engine Heartbeat  :: 2026-08-08 17:29:39
System Status Log           :: ACTIVE [100x Enhanced]
Insight of the Cycle        :: Make it work, make it right, make it fast. - Kent Beck
--------------------------------------------------------
--------------------------------------------------------
Senternet Engine Heartbeat  :: 2026-08-08 17:59:29
System Status Log           :: ACTIVE [100x Enhanced]
Insight of the Cycle        :: Clean code always looks like it was written by someone who cares. - Michael Feathers
--------------------------------------------------------
--------------------------------------------------------
Senternet Engine Heartbeat  :: 2026-08-08 18:51:16
System Status Log           :: ACTIVE [100x Enhanced]
Insight of the Cycle        :: Knowledge is power. Clean architecture is superpower. - Senternet Technologies
--------------------------------------------------------
--------------------------------------------------------
Senternet Engine Heartbeat  :: 2026-08-08 19:29:28
System Status Log           :: ACTIVE [100x Enhanced]
Insight of the Cycle        :: Strive for perfection in everything you build. - Senternet Dev Engine
--------------------------------------------------------
--------------------------------------------------------
Senternet Engine Heartbeat  :: 2026-08-08 19:56:30
System Status Log           :: ACTIVE [100x Enhanced]
Insight of the Cycle        :: Optimizing frontend workflows to achieve 100/100 Lighthouse performance.
--------------------------------------------------------
--------------------------------------------------------
Senternet Engine Heartbeat  :: 2026-08-08 20:33:42
System Status Log           :: ACTIVE [100x Enhanced]
Insight of the Cycle        :: First, solve the problem. Then, write the code. - John Johnson
--------------------------------------------------------
--------------------------------------------------------
Senternet Engine Heartbeat  :: 2026-08-08 21:29:33
System Status Log           :: ACTIVE [100x Enhanced]
Insight of the Cycle        :: Software is a great combination between artistry and engineering. - Bill Gates
--------------------------------------------------------
--------------------------------------------------------
Senternet Engine Heartbeat  :: 2026-08-08 21:57:33
System Status Log           :: ACTIVE [100x Enhanced]
Insight of the Cycle        :: Make it work, make it right, make it fast. - Kent Beck
--------------------------------------------------------
--------------------------------------------------------
Senternet Engine Heartbeat  :: 2026-08-08 22:35:48
System Status Log           :: ACTIVE [100x Enhanced]
Insight of the Cycle        :: Clean code always looks like it was written by someone who cares. - Michael Feathers
--------------------------------------------------------
--------------------------------------------------------
Senternet Engine Heartbeat  :: 2026-08-08 23:28:01
System Status Log           :: ACTIVE [100x Enhanced]
Insight of the Cycle        :: Simplicity is the soul of efficiency. - Austin Freeman
--------------------------------------------------------
--------------------------------------------------------
Senternet Engine Heartbeat  :: 2026-08-08 23:56:34
System Status Log           :: ACTIVE [100x Enhanced]
Insight of the Cycle        :: Refactoring complex state structures into smooth micro-interactions.
--------------------------------------------------------
--------------------------------------------------------
Senternet Engine Heartbeat  :: 2026-08-09 02:00:10
System Status Log           :: ACTIVE [100x Enhanced]
Insight of the Cycle        :: Optimizing frontend workflows to achieve 100/100 Lighthouse performance.
--------------------------------------------------------
--------------------------------------------------------
Senternet Engine Heartbeat  :: 2026-08-09 03:57:48
System Status Log           :: ACTIVE [100x Enhanced]
Insight of the Cycle        :: Clean code always looks like it was written by someone who cares. - Michael Feathers
--------------------------------------------------------
--------------------------------------------------------
Senternet Engine Heartbeat  :: 2026-08-09 05:11:24
System Status Log           :: ACTIVE [100x Enhanced]
Insight of the Cycle        :: Optimizing frontend workflows to achieve 100/100 Lighthouse performance.
--------------------------------------------------------
--------------------------------------------------------
Senternet Engine Heartbeat  :: 2026-08-09 06:07:44
System Status Log           :: ACTIVE [100x Enhanced]
Insight of the Cycle        :: Talk is cheap. Show me the code. - Linus Torvalds
--------------------------------------------------------
--------------------------------------------------------
Senternet Engine Heartbeat  :: 2026-08-09 07:31:58
System Status Log           :: ACTIVE [100x Enhanced]
Insight of the Cycle        :: First, solve the problem. Then, write the code. - John Johnson
--------------------------------------------------------
--------------------------------------------------------
Senternet Engine Heartbeat  :: 2026-08-09 08:41:37
System Status Log           :: ACTIVE [100x Enhanced]
Insight of the Cycle        :: Simplicity is the soul of efficiency. - Austin Freeman
--------------------------------------------------------
--------------------------------------------------------
Senternet Engine Heartbeat  :: 2026-08-09 09:38:39
System Status Log           :: ACTIVE [100x Enhanced]
Insight of the Cycle        :: Clean code always looks like it was written by someone who cares. - Michael Feathers
--------------------------------------------------------
--------------------------------------------------------
Senternet Engine Heartbeat  :: 2026-08-09 10:33:51
System Status Log           :: ACTIVE [100x Enhanced]
Insight of the Cycle        :: Clean code always looks like it was written by someone who cares. - Michael Feathers
--------------------------------------------------------
--------------------------------------------------------
Senternet Engine Heartbeat  :: 2026-08-09 11:28:19
System Status Log           :: ACTIVE [100x Enhanced]
Insight of the Cycle        :: Knowledge is power. Clean architecture is superpower. - Senternet Technologies
--------------------------------------------------------
--------------------------------------------------------
Senternet Engine Heartbeat  :: 2026-08-09 11:57:16
System Status Log           :: ACTIVE [100x Enhanced]
Insight of the Cycle        :: Knowledge is power. Clean architecture is superpower. - Senternet Technologies
--------------------------------------------------------
--------------------------------------------------------
Senternet Engine Heartbeat  :: 2026-08-09 13:01:44
System Status Log           :: ACTIVE [100x Enhanced]
Insight of the Cycle        :: Simplicity is the soul of efficiency. - Austin Freeman
--------------------------------------------------------
--------------------------------------------------------
Senternet Engine Heartbeat  :: 2026-08-09 14:06:17
System Status Log           :: ACTIVE [100x Enhanced]
Insight of the Cycle        :: Simplicity is the soul of efficiency. - Austin Freeman
--------------------------------------------------------
--------------------------------------------------------
Senternet Engine Heartbeat  :: 2026-08-09 15:00:52
System Status Log           :: ACTIVE [100x Enhanced]
Insight of the Cycle        :: Clean code always looks like it was written by someone who cares. - Michael Feathers
--------------------------------------------------------
--------------------------------------------------------
Senternet Engine Heartbeat  :: 2026-08-09 15:56:54
System Status Log           :: ACTIVE [100x Enhanced]
Insight of the Cycle        :: Knowledge is power. Clean architecture is superpower. - Senternet Technologies
--------------------------------------------------------
--------------------------------------------------------
Senternet Engine Heartbeat  :: 2026-08-09 16:40:36
System Status Log           :: ACTIVE [100x Enhanced]
Insight of the Cycle        :: Make it work, make it right, make it fast. - Kent Beck
--------------------------------------------------------
--------------------------------------------------------
Senternet Engine Heartbeat  :: 2026-08-09 17:30:57
System Status Log           :: ACTIVE [100x Enhanced]
Insight of the Cycle        :: Talk is cheap. Show me the code. - Linus Torvalds
--------------------------------------------------------
--------------------------------------------------------
Senternet Engine Heartbeat  :: 2026-08-09 18:39:35
System Status Log           :: ACTIVE [100x Enhanced]
Insight of the Cycle        :: Make it work, make it right, make it fast. - Kent Beck
--------------------------------------------------------
--------------------------------------------------------
Senternet Engine Heartbeat  :: 2026-08-09 19:32:48
System Status Log           :: ACTIVE [100x Enhanced]
Insight of the Cycle        :: Talk is cheap. Show me the code. - Linus Torvalds
--------------------------------------------------------
--------------------------------------------------------
Senternet Engine Heartbeat  :: 2026-08-09 20:31:49
System Status Log           :: ACTIVE [100x Enhanced]
Insight of the Cycle        :: Strive for perfection in everything you build. - Senternet Dev Engine
--------------------------------------------------------
--------------------------------------------------------
Senternet Engine Heartbeat  :: 2026-08-09 21:31:19
System Status Log           :: ACTIVE [100x Enhanced]
Insight of the Cycle        :: Make it work, make it right, make it fast. - Kent Beck
--------------------------------------------------------
--------------------------------------------------------
Senternet Engine Heartbeat  :: 2026-08-09 22:30:32
System Status Log           :: ACTIVE [100x Enhanced]
Insight of the Cycle        :: Optimizing frontend workflows to achieve 100/100 Lighthouse performance.
--------------------------------------------------------
--------------------------------------------------------
Senternet Engine Heartbeat  :: 2026-08-09 23:30:34
System Status Log           :: ACTIVE [100x Enhanced]
Insight of the Cycle        :: First, solve the problem. Then, write the code. - John Johnson
--------------------------------------------------------
--------------------------------------------------------
Senternet Engine Heartbeat  :: 2026-08-10 01:46:36
System Status Log           :: ACTIVE [100x Enhanced]
Insight of the Cycle        :: Simplicity is the soul of efficiency. - Austin Freeman
--------------------------------------------------------
--------------------------------------------------------
Senternet Engine Heartbeat  :: 2026-08-10 03:54:27
System Status Log           :: ACTIVE [100x Enhanced]
Insight of the Cycle        :: Clean code always looks like it was written by someone who cares. - Michael Feathers
--------------------------------------------------------
--------------------------------------------------------
Senternet Engine Heartbeat  :: 2026-08-10 05:26:13
System Status Log           :: ACTIVE [100x Enhanced]
Insight of the Cycle        :: Make it work, make it right, make it fast. - Kent Beck
--------------------------------------------------------
--------------------------------------------------------
Senternet Engine Heartbeat  :: 2026-08-10 06:51:41
System Status Log           :: ACTIVE [100x Enhanced]
Insight of the Cycle        :: Talk is cheap. Show me the code. - Linus Torvalds
--------------------------------------------------------
--------------------------------------------------------
Senternet Engine Heartbeat  :: 2026-08-10 08:26:07
System Status Log           :: ACTIVE [100x Enhanced]
Insight of the Cycle        :: Optimizing frontend workflows to achieve 100/100 Lighthouse performance.
--------------------------------------------------------
--------------------------------------------------------
Senternet Engine Heartbeat  :: 2026-08-10 09:57:53
System Status Log           :: ACTIVE [100x Enhanced]
Insight of the Cycle        :: Make it work, make it right, make it fast. - Kent Beck
--------------------------------------------------------
--------------------------------------------------------
Senternet Engine Heartbeat  :: 2026-08-10 11:14:08
System Status Log           :: ACTIVE [100x Enhanced]
Insight of the Cycle        :: First, solve the problem. Then, write the code. - John Johnson
--------------------------------------------------------
--------------------------------------------------------
Senternet Engine Heartbeat  :: 2026-08-10 12:08:05
System Status Log           :: ACTIVE [100x Enhanced]
Insight of the Cycle        :: Talk is cheap. Show me the code. - Linus Torvalds
--------------------------------------------------------
--------------------------------------------------------
Senternet Engine Heartbeat  :: 2026-08-10 13:55:04
System Status Log           :: ACTIVE [100x Enhanced]
Insight of the Cycle        :: Talk is cheap. Show me the code. - Linus Torvalds
--------------------------------------------------------
--------------------------------------------------------
Senternet Engine Heartbeat  :: 2026-08-10 14:57:48
System Status Log           :: ACTIVE [100x Enhanced]
Insight of the Cycle        :: Refactoring complex state structures into smooth micro-interactions.
--------------------------------------------------------
--------------------------------------------------------
Senternet Engine Heartbeat  :: 2026-08-10 16:04:03
System Status Log           :: ACTIVE [100x Enhanced]
Insight of the Cycle        :: Clean code always looks like it was written by someone who cares. - Michael Feathers
--------------------------------------------------------
--------------------------------------------------------
Senternet Engine Heartbeat  :: 2026-08-10 17:24:51
System Status Log           :: ACTIVE [100x Enhanced]
Insight of the Cycle        :: Clean code always looks like it was written by someone who cares. - Michael Feathers
--------------------------------------------------------
--------------------------------------------------------
Senternet Engine Heartbeat  :: 2026-08-10 18:13:01
System Status Log           :: ACTIVE [100x Enhanced]
Insight of the Cycle        :: First, solve the problem. Then, write the code. - John Johnson
--------------------------------------------------------
--------------------------------------------------------
Senternet Engine Heartbeat  :: 2026-08-10 19:30:14
System Status Log           :: ACTIVE [100x Enhanced]
Insight of the Cycle        :: Make it work, make it right, make it fast. - Kent Beck
--------------------------------------------------------
--------------------------------------------------------
Senternet Engine Heartbeat  :: 2026-08-10 20:41:33
System Status Log           :: ACTIVE [100x Enhanced]
Insight of the Cycle        :: Clean code always looks like it was written by someone who cares. - Michael Feathers
--------------------------------------------------------
--------------------------------------------------------
Senternet Engine Heartbeat  :: 2026-08-10 21:40:30
System Status Log           :: ACTIVE [100x Enhanced]
Insight of the Cycle        :: First, solve the problem. Then, write the code. - John Johnson
--------------------------------------------------------
--------------------------------------------------------
Senternet Engine Heartbeat  :: 2026-08-10 22:36:33
System Status Log           :: ACTIVE [100x Enhanced]
Insight of the Cycle        :: First, solve the problem. Then, write the code. - John Johnson
--------------------------------------------------------
--------------------------------------------------------
Senternet Engine Heartbeat  :: 2026-08-10 23:34:29
System Status Log           :: ACTIVE [100x Enhanced]
Insight of the Cycle        :: Optimizing frontend workflows to achieve 100/100 Lighthouse performance.
--------------------------------------------------------
--------------------------------------------------------
Senternet Engine Heartbeat  :: 2026-08-11 01:43:05
System Status Log           :: ACTIVE [100x Enhanced]
Insight of the Cycle        :: Talk is cheap. Show me the code. - Linus Torvalds
--------------------------------------------------------
--------------------------------------------------------
Senternet Engine Heartbeat  :: 2026-08-11 03:43:45
System Status Log           :: ACTIVE [100x Enhanced]
Insight of the Cycle        :: Make it work, make it right, make it fast. - Kent Beck
--------------------------------------------------------
--------------------------------------------------------
Senternet Engine Heartbeat  :: 2026-08-11 05:08:03
System Status Log           :: ACTIVE [100x Enhanced]
Insight of the Cycle        :: Clean code always looks like it was written by someone who cares. - Michael Feathers
--------------------------------------------------------
--------------------------------------------------------
Senternet Engine Heartbeat  :: 2026-08-11 06:27:19
System Status Log           :: ACTIVE [100x Enhanced]
Insight of the Cycle        :: Talk is cheap. Show me the code. - Linus Torvalds
--------------------------------------------------------
--------------------------------------------------------
Senternet Engine Heartbeat  :: 2026-08-11 07:46:25
System Status Log           :: ACTIVE [100x Enhanced]
Insight of the Cycle        :: Refactoring complex state structures into smooth micro-interactions.
--------------------------------------------------------
--------------------------------------------------------
Senternet Engine Heartbeat  :: 2026-08-11 08:55:02
System Status Log           :: ACTIVE [100x Enhanced]
Insight of the Cycle        :: Make it work, make it right, make it fast. - Kent Beck
--------------------------------------------------------
--------------------------------------------------------
Senternet Engine Heartbeat  :: 2026-08-11 09:59:56
System Status Log           :: ACTIVE [100x Enhanced]
Insight of the Cycle        :: Simplicity is the soul of efficiency. - Austin Freeman
--------------------------------------------------------
--------------------------------------------------------
Senternet Engine Heartbeat  :: 2026-08-11 10:59:23
System Status Log           :: ACTIVE [100x Enhanced]
Insight of the Cycle        :: Simplicity is the soul of efficiency. - Austin Freeman
--------------------------------------------------------
--------------------------------------------------------
Senternet Engine Heartbeat  :: 2026-08-11 11:51:15
System Status Log           :: ACTIVE [100x Enhanced]
Insight of the Cycle        :: Refactoring complex state structures into smooth micro-interactions.
--------------------------------------------------------
--------------------------------------------------------
Senternet Engine Heartbeat  :: 2026-08-11 13:04:18
System Status Log           :: ACTIVE [100x Enhanced]
Insight of the Cycle        :: Simplicity is the soul of efficiency. - Austin Freeman
--------------------------------------------------------
--------------------------------------------------------
Senternet Engine Heartbeat  :: 2026-08-11 14:35:22
System Status Log           :: ACTIVE [100x Enhanced]
Insight of the Cycle        :: Refactoring complex state structures into smooth micro-interactions.
--------------------------------------------------------
--------------------------------------------------------
Senternet Engine Heartbeat  :: 2026-08-11 16:00:03
System Status Log           :: ACTIVE [100x Enhanced]
Insight of the Cycle        :: Refactoring complex state structures into smooth micro-interactions.
--------------------------------------------------------
--------------------------------------------------------
Senternet Engine Heartbeat  :: 2026-08-11 17:07:12
System Status Log           :: ACTIVE [100x Enhanced]
Insight of the Cycle        :: Talk is cheap. Show me the code. - Linus Torvalds
--------------------------------------------------------
--------------------------------------------------------
Senternet Engine Heartbeat  :: 2026-08-11 18:24:27
System Status Log           :: ACTIVE [100x Enhanced]
Insight of the Cycle        :: Knowledge is power. Clean architecture is superpower. - Senternet Technologies
--------------------------------------------------------
--------------------------------------------------------
Senternet Engine Heartbeat  :: 2026-08-11 19:34:41
System Status Log           :: ACTIVE [100x Enhanced]
Insight of the Cycle        :: First, solve the problem. Then, write the code. - John Johnson
--------------------------------------------------------
--------------------------------------------------------
Senternet Engine Heartbeat  :: 2026-08-11 20:42:27
System Status Log           :: ACTIVE [100x Enhanced]
Insight of the Cycle        :: First, solve the problem. Then, write the code. - John Johnson
--------------------------------------------------------
--------------------------------------------------------
Senternet Engine Heartbeat  :: 2026-08-11 21:46:18
System Status Log           :: ACTIVE [100x Enhanced]
Insight of the Cycle        :: Optimizing frontend workflows to achieve 100/100 Lighthouse performance.
--------------------------------------------------------
--------------------------------------------------------
Senternet Engine Heartbeat  :: 2026-08-11 22:40:58
System Status Log           :: ACTIVE [100x Enhanced]
Insight of the Cycle        :: Software is a great combination between artistry and engineering. - Bill Gates
--------------------------------------------------------
--------------------------------------------------------
Senternet Engine Heartbeat  :: 2026-08-11 23:39:27
System Status Log           :: ACTIVE [100x Enhanced]
Insight of the Cycle        :: Software is a great combination between artistry and engineering. - Bill Gates
--------------------------------------------------------
--------------------------------------------------------
Senternet Engine Heartbeat  :: 2026-08-12 01:54:46
System Status Log           :: ACTIVE [100x Enhanced]
Insight of the Cycle        :: Talk is cheap. Show me the code. - Linus Torvalds
--------------------------------------------------------
--------------------------------------------------------
Senternet Engine Heartbeat  :: 2026-08-12 04:08:02
System Status Log           :: ACTIVE [100x Enhanced]
Insight of the Cycle        :: Strive for perfection in everything you build. - Senternet Dev Engine
--------------------------------------------------------
--------------------------------------------------------
Senternet Engine Heartbeat  :: 2026-08-12 05:54:53
System Status Log           :: ACTIVE [100x Enhanced]
Insight of the Cycle        :: Optimizing frontend workflows to achieve 100/100 Lighthouse performance.
--------------------------------------------------------
--------------------------------------------------------
Senternet Engine Heartbeat  :: 2026-08-12 07:24:05
System Status Log           :: ACTIVE [100x Enhanced]
Insight of the Cycle        :: Optimizing frontend workflows to achieve 100/100 Lighthouse performance.
--------------------------------------------------------
--------------------------------------------------------
Senternet Engine Heartbeat  :: 2026-08-12 08:47:12
System Status Log           :: ACTIVE [100x Enhanced]
Insight of the Cycle        :: Software is a great combination between artistry and engineering. - Bill Gates
--------------------------------------------------------
--------------------------------------------------------
Senternet Engine Heartbeat  :: 2026-08-12 10:04:18
System Status Log           :: ACTIVE [100x Enhanced]
Insight of the Cycle        :: Talk is cheap. Show me the code. - Linus Torvalds
--------------------------------------------------------
--------------------------------------------------------
Senternet Engine Heartbeat  :: 2026-08-12 11:22:01
System Status Log           :: ACTIVE [100x Enhanced]
Insight of the Cycle        :: Knowledge is power. Clean architecture is superpower. - Senternet Technologies
--------------------------------------------------------
--------------------------------------------------------
Senternet Engine Heartbeat  :: 2026-08-12 12:09:39
System Status Log           :: ACTIVE [100x Enhanced]
Insight of the Cycle        :: Strive for perfection in everything you build. - Senternet Dev Engine
--------------------------------------------------------
--------------------------------------------------------
Senternet Engine Heartbeat  :: 2026-08-12 13:56:50
System Status Log           :: ACTIVE [100x Enhanced]
Insight of the Cycle        :: Clean code always looks like it was written by someone who cares. - Michael Feathers
--------------------------------------------------------
--------------------------------------------------------
Senternet Engine Heartbeat  :: 2026-08-12 15:00:54
System Status Log           :: ACTIVE [100x Enhanced]
Insight of the Cycle        :: Refactoring complex state structures into smooth micro-interactions.
--------------------------------------------------------
--------------------------------------------------------
Senternet Engine Heartbeat  :: 2026-08-12 16:25:09
System Status Log           :: ACTIVE [100x Enhanced]
Insight of the Cycle        :: Clean code always looks like it was written by someone who cares. - Michael Feathers
--------------------------------------------------------
--------------------------------------------------------
Senternet Engine Heartbeat  :: 2026-08-12 17:28:35
System Status Log           :: ACTIVE [100x Enhanced]
Insight of the Cycle        :: Optimizing frontend workflows to achieve 100/100 Lighthouse performance.
--------------------------------------------------------
--------------------------------------------------------
Senternet Engine Heartbeat  :: 2026-08-12 18:28:31
System Status Log           :: ACTIVE [100x Enhanced]
Insight of the Cycle        :: First, solve the problem. Then, write the code. - John Johnson
--------------------------------------------------------
--------------------------------------------------------
Senternet Engine Heartbeat  :: 2026-08-12 19:40:23
System Status Log           :: ACTIVE [100x Enhanced]
Insight of the Cycle        :: Talk is cheap. Show me the code. - Linus Torvalds
--------------------------------------------------------
--------------------------------------------------------
Senternet Engine Heartbeat  :: 2026-08-12 20:43:05
System Status Log           :: ACTIVE [100x Enhanced]
Insight of the Cycle        :: Strive for perfection in everything you build. - Senternet Dev Engine
--------------------------------------------------------
--------------------------------------------------------
Senternet Engine Heartbeat  :: 2026-08-12 21:44:16
System Status Log           :: ACTIVE [100x Enhanced]
Insight of the Cycle        :: Make it work, make it right, make it fast. - Kent Beck
--------------------------------------------------------
--------------------------------------------------------
Senternet Engine Heartbeat  :: 2026-08-12 22:39:27
System Status Log           :: ACTIVE [100x Enhanced]
Insight of the Cycle        :: Strive for perfection in everything you build. - Senternet Dev Engine
--------------------------------------------------------
--------------------------------------------------------
Senternet Engine Heartbeat  :: 2026-08-12 23:40:35
System Status Log           :: ACTIVE [100x Enhanced]
Insight of the Cycle        :: Simplicity is the soul of efficiency. - Austin Freeman
--------------------------------------------------------
--------------------------------------------------------
Senternet Engine Heartbeat  :: 2026-08-13 01:57:01
System Status Log           :: ACTIVE [100x Enhanced]
Insight of the Cycle        :: First, solve the problem. Then, write the code. - John Johnson
--------------------------------------------------------
--------------------------------------------------------
Senternet Engine Heartbeat  :: 2026-08-13 04:16:09
System Status Log           :: ACTIVE [100x Enhanced]
Insight of the Cycle        :: Software is a great combination between artistry and engineering. - Bill Gates
--------------------------------------------------------
--------------------------------------------------------
Senternet Engine Heartbeat  :: 2026-08-13 05:57:01
System Status Log           :: ACTIVE [100x Enhanced]
Insight of the Cycle        :: Talk is cheap. Show me the code. - Linus Torvalds
--------------------------------------------------------
--------------------------------------------------------
Senternet Engine Heartbeat  :: 2026-08-13 07:41:04
System Status Log           :: ACTIVE [100x Enhanced]
Insight of the Cycle        :: Strive for perfection in everything you build. - Senternet Dev Engine
--------------------------------------------------------
--------------------------------------------------------
Senternet Engine Heartbeat  :: 2026-08-13 09:11:31
System Status Log           :: ACTIVE [100x Enhanced]
Insight of the Cycle        :: Knowledge is power. Clean architecture is superpower. - Senternet Technologies
--------------------------------------------------------
--------------------------------------------------------
Senternet Engine Heartbeat  :: 2026-08-13 10:35:37
System Status Log           :: ACTIVE [100x Enhanced]
Insight of the Cycle        :: First, solve the problem. Then, write the code. - John Johnson
--------------------------------------------------------
--------------------------------------------------------
Senternet Engine Heartbeat  :: 2026-08-13 11:45:36
System Status Log           :: ACTIVE [100x Enhanced]
Insight of the Cycle        :: Strive for perfection in everything you build. - Senternet Dev Engine
--------------------------------------------------------
--------------------------------------------------------
Senternet Engine Heartbeat  :: 2026-08-13 13:09:16
System Status Log           :: ACTIVE [100x Enhanced]
Insight of the Cycle        :: Clean code always looks like it was written by someone who cares. - Michael Feathers
--------------------------------------------------------
--------------------------------------------------------
Senternet Engine Heartbeat  :: 2026-08-13 15:58:11
System Status Log           :: ACTIVE [100x Enhanced]
Insight of the Cycle        :: Software is a great combination between artistry and engineering. - Bill Gates
--------------------------------------------------------
--------------------------------------------------------
Senternet Engine Heartbeat  :: 2026-08-13 17:04:05
System Status Log           :: ACTIVE [100x Enhanced]
Insight of the Cycle        :: Optimizing frontend workflows to achieve 100/100 Lighthouse performance.
--------------------------------------------------------
--------------------------------------------------------
Senternet Engine Heartbeat  :: 2026-08-13 18:26:27
System Status Log           :: ACTIVE [100x Enhanced]
Insight of the Cycle        :: Talk is cheap. Show me the code. - Linus Torvalds
--------------------------------------------------------
--------------------------------------------------------
Senternet Engine Heartbeat  :: 2026-08-13 19:34:48
System Status Log           :: ACTIVE [100x Enhanced]
Insight of the Cycle        :: Clean code always looks like it was written by someone who cares. - Michael Feathers
--------------------------------------------------------
--------------------------------------------------------
Senternet Engine Heartbeat  :: 2026-08-13 20:41:46
System Status Log           :: ACTIVE [100x Enhanced]
Insight of the Cycle        :: Talk is cheap. Show me the code. - Linus Torvalds
--------------------------------------------------------
--------------------------------------------------------
Senternet Engine Heartbeat  :: 2026-08-13 21:43:54
System Status Log           :: ACTIVE [100x Enhanced]
Insight of the Cycle        :: Talk is cheap. Show me the code. - Linus Torvalds
--------------------------------------------------------
--------------------------------------------------------
Senternet Engine Heartbeat  :: 2026-08-13 22:40:45
System Status Log           :: ACTIVE [100x Enhanced]
Insight of the Cycle        :: Optimizing frontend workflows to achieve 100/100 Lighthouse performance.
--------------------------------------------------------
--------------------------------------------------------
Senternet Engine Heartbeat  :: 2026-08-13 23:40:08
System Status Log           :: ACTIVE [100x Enhanced]
Insight of the Cycle        :: Refactoring complex state structures into smooth micro-interactions.
--------------------------------------------------------
--------------------------------------------------------
Senternet Engine Heartbeat  :: 2026-08-14 01:54:45
System Status Log           :: ACTIVE [100x Enhanced]
Insight of the Cycle        :: Strive for perfection in everything you build. - Senternet Dev Engine
--------------------------------------------------------
--------------------------------------------------------
Senternet Engine Heartbeat  :: 2026-08-14 04:08:54
System Status Log           :: ACTIVE [100x Enhanced]
Insight of the Cycle        :: First, solve the problem. Then, write the code. - John Johnson
--------------------------------------------------------
--------------------------------------------------------
Senternet Engine Heartbeat  :: 2026-08-14 05:55:12
System Status Log           :: ACTIVE [100x Enhanced]
Insight of the Cycle        :: Optimizing frontend workflows to achieve 100/100 Lighthouse performance.
--------------------------------------------------------
--------------------------------------------------------
Senternet Engine Heartbeat  :: 2026-08-14 07:23:45
System Status Log           :: ACTIVE [100x Enhanced]
Insight of the Cycle        :: Simplicity is the soul of efficiency. - Austin Freeman
--------------------------------------------------------
--------------------------------------------------------
Senternet Engine Heartbeat  :: 2026-08-14 08:44:44
System Status Log           :: ACTIVE [100x Enhanced]
Insight of the Cycle        :: Optimizing frontend workflows to achieve 100/100 Lighthouse performance.
--------------------------------------------------------
--------------------------------------------------------
Senternet Engine Heartbeat  :: 2026-08-14 10:01:03
System Status Log           :: ACTIVE [100x Enhanced]
Insight of the Cycle        :: Make it work, make it right, make it fast. - Kent Beck
--------------------------------------------------------
--------------------------------------------------------
Senternet Engine Heartbeat  :: 2026-08-14 11:13:42
System Status Log           :: ACTIVE [100x Enhanced]
Insight of the Cycle        :: Strive for perfection in everything you build. - Senternet Dev Engine
--------------------------------------------------------
--------------------------------------------------------
Senternet Engine Heartbeat  :: 2026-08-14 12:07:40
System Status Log           :: ACTIVE [100x Enhanced]
Insight of the Cycle        :: Simplicity is the soul of efficiency. - Austin Freeman
--------------------------------------------------------
--------------------------------------------------------
Senternet Engine Heartbeat  :: 2026-08-14 13:53:05
System Status Log           :: ACTIVE [100x Enhanced]
Insight of the Cycle        :: Strive for perfection in everything you build. - Senternet Dev Engine
--------------------------------------------------------
--------------------------------------------------------
Senternet Engine Heartbeat  :: 2026-08-14 14:51:10
System Status Log           :: ACTIVE [100x Enhanced]
Insight of the Cycle        :: Software is a great combination between artistry and engineering. - Bill Gates
--------------------------------------------------------
--------------------------------------------------------
Senternet Engine Heartbeat  :: 2026-08-14 15:51:27
System Status Log           :: ACTIVE [100x Enhanced]
Insight of the Cycle        :: Optimizing frontend workflows to achieve 100/100 Lighthouse performance.
--------------------------------------------------------
--------------------------------------------------------
Senternet Engine Heartbeat  :: 2026-08-14 16:52:04
System Status Log           :: ACTIVE [100x Enhanced]
Insight of the Cycle        :: Optimizing frontend workflows to achieve 100/100 Lighthouse performance.
--------------------------------------------------------
--------------------------------------------------------
Senternet Engine Heartbeat  :: 2026-08-14 17:52:33
System Status Log           :: ACTIVE [100x Enhanced]
Insight of the Cycle        :: Strive for perfection in everything you build. - Senternet Dev Engine
--------------------------------------------------------
--------------------------------------------------------
Senternet Engine Heartbeat  :: 2026-08-14 18:53:19
System Status Log           :: ACTIVE [100x Enhanced]
Insight of the Cycle        :: Strive for perfection in everything you build. - Senternet Dev Engine
--------------------------------------------------------
--------------------------------------------------------
Senternet Engine Heartbeat  :: 2026-08-14 19:47:53
System Status Log           :: ACTIVE [100x Enhanced]
Insight of the Cycle        :: Talk is cheap. Show me the code. - Linus Torvalds
--------------------------------------------------------
--------------------------------------------------------
Senternet Engine Heartbeat  :: 2026-08-14 20:30:14
System Status Log           :: ACTIVE [100x Enhanced]
Insight of the Cycle        :: Clean code always looks like it was written by someone who cares. - Michael Feathers
--------------------------------------------------------
--------------------------------------------------------
Senternet Engine Heartbeat  :: 2026-08-14 21:24:00
System Status Log           :: ACTIVE [100x Enhanced]
Insight of the Cycle        :: Software is a great combination between artistry and engineering. - Bill Gates
--------------------------------------------------------
--------------------------------------------------------
Senternet Engine Heartbeat  :: 2026-08-14 21:49:15
System Status Log           :: ACTIVE [100x Enhanced]
Insight of the Cycle        :: Simplicity is the soul of efficiency. - Austin Freeman
--------------------------------------------------------
--------------------------------------------------------
Senternet Engine Heartbeat  :: 2026-08-14 22:21:40
System Status Log           :: ACTIVE [100x Enhanced]
Insight of the Cycle        :: Refactoring complex state structures into smooth micro-interactions.
--------------------------------------------------------
--------------------------------------------------------
Senternet Engine Heartbeat  :: 2026-08-14 22:49:10
System Status Log           :: ACTIVE [100x Enhanced]
Insight of the Cycle        :: Strive for perfection in everything you build. - Senternet Dev Engine
--------------------------------------------------------
--------------------------------------------------------
Senternet Engine Heartbeat  :: 2026-08-14 23:20:21
System Status Log           :: ACTIVE [100x Enhanced]
Insight of the Cycle        :: Make it work, make it right, make it fast. - Kent Beck
--------------------------------------------------------
--------------------------------------------------------
Senternet Engine Heartbeat  :: 2026-08-14 23:47:39
System Status Log           :: ACTIVE [100x Enhanced]
Insight of the Cycle        :: Clean code always looks like it was written by someone who cares. - Michael Feathers
--------------------------------------------------------
--------------------------------------------------------
Senternet Engine Heartbeat  :: 2026-08-15 01:12:41
System Status Log           :: ACTIVE [100x Enhanced]
Insight of the Cycle        :: Refactoring complex state structures into smooth micro-interactions.
--------------------------------------------------------
--------------------------------------------------------
Senternet Engine Heartbeat  :: 2026-08-15 02:32:36
System Status Log           :: ACTIVE [100x Enhanced]
Insight of the Cycle        :: Software is a great combination between artistry and engineering. - Bill Gates
--------------------------------------------------------
--------------------------------------------------------
Senternet Engine Heartbeat  :: 2026-08-15 03:38:17
System Status Log           :: ACTIVE [100x Enhanced]
Insight of the Cycle        :: Knowledge is power. Clean architecture is superpower. - Senternet Technologies
--------------------------------------------------------
--------------------------------------------------------
Senternet Engine Heartbeat  :: 2026-08-15 04:30:00
System Status Log           :: ACTIVE [100x Enhanced]
Insight of the Cycle        :: Talk is cheap. Show me the code. - Linus Torvalds
--------------------------------------------------------
--------------------------------------------------------
Senternet Engine Heartbeat  :: 2026-08-15 04:59:13
System Status Log           :: ACTIVE [100x Enhanced]
Insight of the Cycle        :: Make it work, make it right, make it fast. - Kent Beck
--------------------------------------------------------
--------------------------------------------------------
Senternet Engine Heartbeat  :: 2026-08-15 05:32:51
System Status Log           :: ACTIVE [100x Enhanced]
Insight of the Cycle        :: Simplicity is the soul of efficiency. - Austin Freeman
--------------------------------------------------------
--------------------------------------------------------
Senternet Engine Heartbeat  :: 2026-08-15 06:37:16
System Status Log           :: ACTIVE [100x Enhanced]
Insight of the Cycle        :: Strive for perfection in everything you build. - Senternet Dev Engine
--------------------------------------------------------
--------------------------------------------------------
Senternet Engine Heartbeat  :: 2026-08-15 07:30:23
System Status Log           :: ACTIVE [100x Enhanced]
Insight of the Cycle        :: Talk is cheap. Show me the code. - Linus Torvalds
--------------------------------------------------------
--------------------------------------------------------
Senternet Engine Heartbeat  :: 2026-08-15 08:27:43
System Status Log           :: ACTIVE [100x Enhanced]
Insight of the Cycle        :: Software is a great combination between artistry and engineering. - Bill Gates
--------------------------------------------------------
--------------------------------------------------------
Senternet Engine Heartbeat  :: 2026-08-15 08:56:30
System Status Log           :: ACTIVE [100x Enhanced]
Insight of the Cycle        :: Software is a great combination between artistry and engineering. - Bill Gates
--------------------------------------------------------
--------------------------------------------------------
Senternet Engine Heartbeat  :: 2026-08-15 09:28:40
System Status Log           :: ACTIVE [100x Enhanced]
Insight of the Cycle        :: Make it work, make it right, make it fast. - Kent Beck
--------------------------------------------------------
--------------------------------------------------------
Senternet Engine Heartbeat  :: 2026-08-15 09:51:08
System Status Log           :: ACTIVE [100x Enhanced]
Insight of the Cycle        :: First, solve the problem. Then, write the code. - John Johnson
--------------------------------------------------------
--------------------------------------------------------
Senternet Engine Heartbeat  :: 2026-08-15 10:21:51
System Status Log           :: ACTIVE [100x Enhanced]
Insight of the Cycle        :: Optimizing frontend workflows to achieve 100/100 Lighthouse performance.
--------------------------------------------------------
--------------------------------------------------------
Senternet Engine Heartbeat  :: 2026-08-15 10:48:11
System Status Log           :: ACTIVE [100x Enhanced]
Insight of the Cycle        :: Simplicity is the soul of efficiency. - Austin Freeman
--------------------------------------------------------
--------------------------------------------------------
Senternet Engine Heartbeat  :: 2026-08-15 11:19:54
System Status Log           :: ACTIVE [100x Enhanced]
Insight of the Cycle        :: Clean code always looks like it was written by someone who cares. - Michael Feathers
--------------------------------------------------------
--------------------------------------------------------
Senternet Engine Heartbeat  :: 2026-08-15 11:45:06
System Status Log           :: ACTIVE [100x Enhanced]
Insight of the Cycle        :: Talk is cheap. Show me the code. - Linus Torvalds
--------------------------------------------------------
--------------------------------------------------------
Senternet Engine Heartbeat  :: 2026-08-15 12:36:10
System Status Log           :: ACTIVE [100x Enhanced]
Insight of the Cycle        :: Optimizing frontend workflows to achieve 100/100 Lighthouse performance.
--------------------------------------------------------
--------------------------------------------------------
Senternet Engine Heartbeat  :: 2026-08-15 13:29:19
System Status Log           :: ACTIVE [100x Enhanced]
Insight of the Cycle        :: Make it work, make it right, make it fast. - Kent Beck
--------------------------------------------------------
--------------------------------------------------------
Senternet Engine Heartbeat  :: 2026-08-15 13:54:17
System Status Log           :: ACTIVE [100x Enhanced]
Insight of the Cycle        :: Clean code always looks like it was written by someone who cares. - Michael Feathers
--------------------------------------------------------
--------------------------------------------------------
Senternet Engine Heartbeat  :: 2026-08-15 14:21:23
System Status Log           :: ACTIVE [100x Enhanced]
Insight of the Cycle        :: Software is a great combination between artistry and engineering. - Bill Gates
--------------------------------------------------------
--------------------------------------------------------
Senternet Engine Heartbeat  :: 2026-08-15 14:48:33
System Status Log           :: ACTIVE [100x Enhanced]
Insight of the Cycle        :: Refactoring complex state structures into smooth micro-interactions.
--------------------------------------------------------
--------------------------------------------------------
Senternet Engine Heartbeat  :: 2026-08-15 15:19:25
System Status Log           :: ACTIVE [100x Enhanced]
Insight of the Cycle        :: Clean code always looks like it was written by someone who cares. - Michael Feathers
--------------------------------------------------------
--------------------------------------------------------
Senternet Engine Heartbeat  :: 2026-08-15 15:45:20
System Status Log           :: ACTIVE [100x Enhanced]
Insight of the Cycle        :: Clean code always looks like it was written by someone who cares. - Michael Feathers
--------------------------------------------------------
--------------------------------------------------------
Senternet Engine Heartbeat  :: 2026-08-15 16:23:14
System Status Log           :: ACTIVE [100x Enhanced]
Insight of the Cycle        :: Simplicity is the soul of efficiency. - Austin Freeman
--------------------------------------------------------
--------------------------------------------------------
Senternet Engine Heartbeat  :: 2026-08-15 16:49:36
System Status Log           :: ACTIVE [100x Enhanced]
Insight of the Cycle        :: Simplicity is the soul of efficiency. - Austin Freeman
--------------------------------------------------------
--------------------------------------------------------
Senternet Engine Heartbeat  :: 2026-08-15 17:19:18
System Status Log           :: ACTIVE [100x Enhanced]
Insight of the Cycle        :: Clean code always looks like it was written by someone who cares. - Michael Feathers
--------------------------------------------------------
--------------------------------------------------------
Senternet Engine Heartbeat  :: 2026-08-15 17:45:34
System Status Log           :: ACTIVE [100x Enhanced]
Insight of the Cycle        :: Simplicity is the soul of efficiency. - Austin Freeman
--------------------------------------------------------
--------------------------------------------------------
Senternet Engine Heartbeat  :: 2026-08-15 18:28:42
System Status Log           :: ACTIVE [100x Enhanced]
Insight of the Cycle        :: Talk is cheap. Show me the code. - Linus Torvalds
--------------------------------------------------------
--------------------------------------------------------
Senternet Engine Heartbeat  :: 2026-08-15 18:58:05
System Status Log           :: ACTIVE [100x Enhanced]
Insight of the Cycle        :: Software is a great combination between artistry and engineering. - Bill Gates
--------------------------------------------------------
--------------------------------------------------------
Senternet Engine Heartbeat  :: 2026-08-15 19:26:38
System Status Log           :: ACTIVE [100x Enhanced]
Insight of the Cycle        :: Simplicity is the soul of efficiency. - Austin Freeman
--------------------------------------------------------
--------------------------------------------------------
Senternet Engine Heartbeat  :: 2026-08-15 19:46:17
System Status Log           :: ACTIVE [100x Enhanced]
Insight of the Cycle        :: Clean code always looks like it was written by someone who cares. - Michael Feathers
--------------------------------------------------------
--------------------------------------------------------
Senternet Engine Heartbeat  :: 2026-08-15 20:21:27
System Status Log           :: ACTIVE [100x Enhanced]
Insight of the Cycle        :: Strive for perfection in everything you build. - Senternet Dev Engine
--------------------------------------------------------
--------------------------------------------------------
Senternet Engine Heartbeat  :: 2026-08-15 20:47:50
System Status Log           :: ACTIVE [100x Enhanced]
Insight of the Cycle        :: Refactoring complex state structures into smooth micro-interactions.
--------------------------------------------------------
--------------------------------------------------------
Senternet Engine Heartbeat  :: 2026-08-15 21:20:14
System Status Log           :: ACTIVE [100x Enhanced]
Insight of the Cycle        :: Clean code always looks like it was written by someone who cares. - Michael Feathers
--------------------------------------------------------
--------------------------------------------------------
Senternet Engine Heartbeat  :: 2026-08-15 21:45:39
System Status Log           :: ACTIVE [100x Enhanced]
Insight of the Cycle        :: First, solve the problem. Then, write the code. - John Johnson
--------------------------------------------------------
--------------------------------------------------------
Senternet Engine Heartbeat  :: 2026-08-15 22:20:29
System Status Log           :: ACTIVE [100x Enhanced]
Insight of the Cycle        :: Software is a great combination between artistry and engineering. - Bill Gates
--------------------------------------------------------
--------------------------------------------------------
Senternet Engine Heartbeat  :: 2026-08-15 22:47:20
System Status Log           :: ACTIVE [100x Enhanced]
Insight of the Cycle        :: Knowledge is power. Clean architecture is superpower. - Senternet Technologies
--------------------------------------------------------
--------------------------------------------------------
Senternet Engine Heartbeat  :: 2026-08-15 23:19:38
System Status Log           :: ACTIVE [100x Enhanced]
Insight of the Cycle        :: Strive for perfection in everything you build. - Senternet Dev Engine
--------------------------------------------------------
--------------------------------------------------------
Senternet Engine Heartbeat  :: 2026-08-15 23:44:59
System Status Log           :: ACTIVE [100x Enhanced]
Insight of the Cycle        :: Simplicity is the soul of efficiency. - Austin Freeman
--------------------------------------------------------
--------------------------------------------------------
Senternet Engine Heartbeat  :: 2026-08-16 01:16:13
System Status Log           :: ACTIVE [100x Enhanced]
Insight of the Cycle        :: Strive for perfection in everything you build. - Senternet Dev Engine
--------------------------------------------------------
--------------------------------------------------------
Senternet Engine Heartbeat  :: 2026-08-16 02:41:42
System Status Log           :: ACTIVE [100x Enhanced]
Insight of the Cycle        :: Knowledge is power. Clean architecture is superpower. - Senternet Technologies
--------------------------------------------------------
--------------------------------------------------------
Senternet Engine Heartbeat  :: 2026-08-16 03:47:57
System Status Log           :: ACTIVE [100x Enhanced]
Insight of the Cycle        :: Talk is cheap. Show me the code. - Linus Torvalds
--------------------------------------------------------
--------------------------------------------------------
Senternet Engine Heartbeat  :: 2026-08-16 04:35:13
System Status Log           :: ACTIVE [100x Enhanced]
Insight of the Cycle        :: Make it work, make it right, make it fast. - Kent Beck
--------------------------------------------------------
--------------------------------------------------------
Senternet Engine Heartbeat  :: 2026-08-16 05:27:19
System Status Log           :: ACTIVE [100x Enhanced]
Insight of the Cycle        :: First, solve the problem. Then, write the code. - John Johnson
--------------------------------------------------------
--------------------------------------------------------
Senternet Engine Heartbeat  :: 2026-08-16 05:55:11
System Status Log           :: ACTIVE [100x Enhanced]
Insight of the Cycle        :: Make it work, make it right, make it fast. - Kent Beck
--------------------------------------------------------
--------------------------------------------------------
Senternet Engine Heartbeat  :: 2026-08-16 06:38:42
System Status Log           :: ACTIVE [100x Enhanced]
Insight of the Cycle        :: Simplicity is the soul of efficiency. - Austin Freeman
--------------------------------------------------------
--------------------------------------------------------
Senternet Engine Heartbeat  :: 2026-08-16 07:30:18
System Status Log           :: ACTIVE [100x Enhanced]
Insight of the Cycle        :: Talk is cheap. Show me the code. - Linus Torvalds
--------------------------------------------------------
--------------------------------------------------------
Senternet Engine Heartbeat  :: 2026-08-16 08:28:00
System Status Log           :: ACTIVE [100x Enhanced]
Insight of the Cycle        :: Make it work, make it right, make it fast. - Kent Beck
--------------------------------------------------------
--------------------------------------------------------
Senternet Engine Heartbeat  :: 2026-08-16 08:57:44
System Status Log           :: ACTIVE [100x Enhanced]
Insight of the Cycle        :: Refactoring complex state structures into smooth micro-interactions.
--------------------------------------------------------
--------------------------------------------------------
Senternet Engine Heartbeat  :: 2026-08-16 09:33:28
System Status Log           :: ACTIVE [100x Enhanced]
Insight of the Cycle        :: Optimizing frontend workflows to achieve 100/100 Lighthouse performance.
--------------------------------------------------------
--------------------------------------------------------
Senternet Engine Heartbeat  :: 2026-08-16 10:22:05
System Status Log           :: ACTIVE [100x Enhanced]
Insight of the Cycle        :: Clean code always looks like it was written by someone who cares. - Michael Feathers
--------------------------------------------------------
--------------------------------------------------------
Senternet Engine Heartbeat  :: 2026-08-16 10:48:45
System Status Log           :: ACTIVE [100x Enhanced]
Insight of the Cycle        :: Software is a great combination between artistry and engineering. - Bill Gates
--------------------------------------------------------
--------------------------------------------------------
Senternet Engine Heartbeat  :: 2026-08-16 11:19:05
System Status Log           :: ACTIVE [100x Enhanced]
Insight of the Cycle        :: Knowledge is power. Clean architecture is superpower. - Senternet Technologies
--------------------------------------------------------
--------------------------------------------------------
Senternet Engine Heartbeat  :: 2026-08-16 11:44:51
System Status Log           :: ACTIVE [100x Enhanced]
Insight of the Cycle        :: Talk is cheap. Show me the code. - Linus Torvalds
--------------------------------------------------------
--------------------------------------------------------
Senternet Engine Heartbeat  :: 2026-08-16 12:37:40
System Status Log           :: ACTIVE [100x Enhanced]
Insight of the Cycle        :: Simplicity is the soul of efficiency. - Austin Freeman
--------------------------------------------------------
--------------------------------------------------------
Senternet Engine Heartbeat  :: 2026-08-16 13:31:00
System Status Log           :: ACTIVE [100x Enhanced]
Insight of the Cycle        :: Talk is cheap. Show me the code. - Linus Torvalds
--------------------------------------------------------
--------------------------------------------------------
Senternet Engine Heartbeat  :: 2026-08-16 14:21:40
System Status Log           :: ACTIVE [100x Enhanced]
Insight of the Cycle        :: Knowledge is power. Clean architecture is superpower. - Senternet Technologies
--------------------------------------------------------
--------------------------------------------------------
Senternet Engine Heartbeat  :: 2026-08-16 14:48:55
System Status Log           :: ACTIVE [100x Enhanced]
Insight of the Cycle        :: Simplicity is the soul of efficiency. - Austin Freeman
--------------------------------------------------------
--------------------------------------------------------
Senternet Engine Heartbeat  :: 2026-08-16 15:20:22
System Status Log           :: ACTIVE [100x Enhanced]
Insight of the Cycle        :: Talk is cheap. Show me the code. - Linus Torvalds
--------------------------------------------------------
--------------------------------------------------------
Senternet Engine Heartbeat  :: 2026-08-16 15:45:57
System Status Log           :: ACTIVE [100x Enhanced]
Insight of the Cycle        :: Software is a great combination between artistry and engineering. - Bill Gates
--------------------------------------------------------
--------------------------------------------------------
Senternet Engine Heartbeat  :: 2026-08-16 16:23:45
System Status Log           :: ACTIVE [100x Enhanced]
Insight of the Cycle        :: Refactoring complex state structures into smooth micro-interactions.
--------------------------------------------------------
--------------------------------------------------------
Senternet Engine Heartbeat  :: 2026-08-16 16:51:01
System Status Log           :: ACTIVE [100x Enhanced]
Insight of the Cycle        :: Optimizing frontend workflows to achieve 100/100 Lighthouse performance.
--------------------------------------------------------
--------------------------------------------------------
Senternet Engine Heartbeat  :: 2026-08-16 17:18:29
System Status Log           :: ACTIVE [100x Enhanced]
Insight of the Cycle        :: First, solve the problem. Then, write the code. - John Johnson
--------------------------------------------------------
--------------------------------------------------------
Senternet Engine Heartbeat  :: 2026-08-16 17:44:57
System Status Log           :: ACTIVE [100x Enhanced]
Insight of the Cycle        :: Make it work, make it right, make it fast. - Kent Beck
--------------------------------------------------------
--------------------------------------------------------
Senternet Engine Heartbeat  :: 2026-08-16 18:28:12
System Status Log           :: ACTIVE [100x Enhanced]
Insight of the Cycle        :: First, solve the problem. Then, write the code. - John Johnson
--------------------------------------------------------
--------------------------------------------------------
Senternet Engine Heartbeat  :: 2026-08-16 18:57:04
System Status Log           :: ACTIVE [100x Enhanced]
Insight of the Cycle        :: Clean code always looks like it was written by someone who cares. - Michael Feathers
--------------------------------------------------------
--------------------------------------------------------
Senternet Engine Heartbeat  :: 2026-08-16 19:24:30
System Status Log           :: ACTIVE [100x Enhanced]
Insight of the Cycle        :: First, solve the problem. Then, write the code. - John Johnson
--------------------------------------------------------
--------------------------------------------------------
Senternet Engine Heartbeat  :: 2026-08-16 19:43:57
System Status Log           :: ACTIVE [100x Enhanced]
Insight of the Cycle        :: Clean code always looks like it was written by someone who cares. - Michael Feathers
--------------------------------------------------------
--------------------------------------------------------
Senternet Engine Heartbeat  :: 2026-08-16 20:21:13
System Status Log           :: ACTIVE [100x Enhanced]
Insight of the Cycle        :: Software is a great combination between artistry and engineering. - Bill Gates
--------------------------------------------------------
--------------------------------------------------------
Senternet Engine Heartbeat  :: 2026-08-16 20:47:44
System Status Log           :: ACTIVE [100x Enhanced]
Insight of the Cycle        :: Refactoring complex state structures into smooth micro-interactions.
--------------------------------------------------------
--------------------------------------------------------
Senternet Engine Heartbeat  :: 2026-08-16 21:19:17
System Status Log           :: ACTIVE [100x Enhanced]
Insight of the Cycle        :: Knowledge is power. Clean architecture is superpower. - Senternet Technologies
--------------------------------------------------------
--------------------------------------------------------
Senternet Engine Heartbeat  :: 2026-08-16 21:44:30
System Status Log           :: ACTIVE [100x Enhanced]
Insight of the Cycle        :: Optimizing frontend workflows to achieve 100/100 Lighthouse performance.
--------------------------------------------------------
--------------------------------------------------------
Senternet Engine Heartbeat  :: 2026-08-16 22:20:02
System Status Log           :: ACTIVE [100x Enhanced]
Insight of the Cycle        :: Knowledge is power. Clean architecture is superpower. - Senternet Technologies
--------------------------------------------------------
--------------------------------------------------------
Senternet Engine Heartbeat  :: 2026-08-16 22:46:46
System Status Log           :: ACTIVE [100x Enhanced]
Insight of the Cycle        :: Make it work, make it right, make it fast. - Kent Beck
--------------------------------------------------------
--------------------------------------------------------
Senternet Engine Heartbeat  :: 2026-08-16 23:18:56
System Status Log           :: ACTIVE [100x Enhanced]
Insight of the Cycle        :: Simplicity is the soul of efficiency. - Austin Freeman
--------------------------------------------------------
--------------------------------------------------------
Senternet Engine Heartbeat  :: 2026-08-16 23:44:21
System Status Log           :: ACTIVE [100x Enhanced]
Insight of the Cycle        :: Knowledge is power. Clean architecture is superpower. - Senternet Technologies
--------------------------------------------------------
--------------------------------------------------------
Senternet Engine Heartbeat  :: 2026-08-17 01:14:15
System Status Log           :: ACTIVE [100x Enhanced]
Insight of the Cycle        :: Optimizing frontend workflows to achieve 100/100 Lighthouse performance.
--------------------------------------------------------
--------------------------------------------------------
Senternet Engine Heartbeat  :: 2026-08-17 02:41:04
System Status Log           :: ACTIVE [100x Enhanced]
Insight of the Cycle        :: Talk is cheap. Show me the code. - Linus Torvalds
--------------------------------------------------------
--------------------------------------------------------
Senternet Engine Heartbeat  :: 2026-08-17 03:49:43
System Status Log           :: ACTIVE [100x Enhanced]
Insight of the Cycle        :: Refactoring complex state structures into smooth micro-interactions.
--------------------------------------------------------
--------------------------------------------------------
Senternet Engine Heartbeat  :: 2026-08-17 04:40:54
System Status Log           :: ACTIVE [100x Enhanced]
Insight of the Cycle        :: Refactoring complex state structures into smooth micro-interactions.
--------------------------------------------------------
--------------------------------------------------------
Senternet Engine Heartbeat  :: 2026-08-17 05:34:06
System Status Log           :: ACTIVE [100x Enhanced]
Insight of the Cycle        :: Optimizing frontend workflows to achieve 100/100 Lighthouse performance.
--------------------------------------------------------
--------------------------------------------------------
Senternet Engine Heartbeat  :: 2026-08-17 06:54:04
System Status Log           :: ACTIVE [100x Enhanced]
Insight of the Cycle        :: Refactoring complex state structures into smooth micro-interactions.
--------------------------------------------------------
--------------------------------------------------------
Senternet Engine Heartbeat  :: 2026-08-17 07:52:29
System Status Log           :: ACTIVE [100x Enhanced]
Insight of the Cycle        :: Refactoring complex state structures into smooth micro-interactions.
--------------------------------------------------------
--------------------------------------------------------
Senternet Engine Heartbeat  :: 2026-08-17 08:42:10
System Status Log           :: ACTIVE [100x Enhanced]
Insight of the Cycle        :: First, solve the problem. Then, write the code. - John Johnson
--------------------------------------------------------
--------------------------------------------------------
Senternet Engine Heartbeat  :: 2026-08-17 09:40:25
System Status Log           :: ACTIVE [100x Enhanced]
Insight of the Cycle        :: Strive for perfection in everything you build. - Senternet Dev Engine
--------------------------------------------------------
--------------------------------------------------------
Senternet Engine Heartbeat  :: 2026-08-17 10:31:33
System Status Log           :: ACTIVE [100x Enhanced]
Insight of the Cycle        :: Simplicity is the soul of efficiency. - Austin Freeman
--------------------------------------------------------
--------------------------------------------------------
Senternet Engine Heartbeat  :: 2026-08-17 11:24:52
System Status Log           :: ACTIVE [100x Enhanced]
Insight of the Cycle        :: Refactoring complex state structures into smooth micro-interactions.
--------------------------------------------------------
--------------------------------------------------------
Senternet Engine Heartbeat  :: 2026-08-17 11:50:32
System Status Log           :: ACTIVE [100x Enhanced]
Insight of the Cycle        :: Strive for perfection in everything you build. - Senternet Dev Engine
--------------------------------------------------------
--------------------------------------------------------
Senternet Engine Heartbeat  :: 2026-08-17 12:42:03
System Status Log           :: ACTIVE [100x Enhanced]
Insight of the Cycle        :: Refactoring complex state structures into smooth micro-interactions.
--------------------------------------------------------
--------------------------------------------------------
Senternet Engine Heartbeat  :: 2026-08-17 13:38:18
System Status Log           :: ACTIVE [100x Enhanced]
Insight of the Cycle        :: Clean code always looks like it was written by someone who cares. - Michael Feathers
--------------------------------------------------------
--------------------------------------------------------
Senternet Engine Heartbeat  :: 2026-08-17 14:26:55
System Status Log           :: ACTIVE [100x Enhanced]
Insight of the Cycle        :: Talk is cheap. Show me the code. - Linus Torvalds
--------------------------------------------------------
--------------------------------------------------------
Senternet Engine Heartbeat  :: 2026-08-17 14:54:47
System Status Log           :: ACTIVE [100x Enhanced]
Insight of the Cycle        :: Knowledge is power. Clean architecture is superpower. - Senternet Technologies
--------------------------------------------------------
--------------------------------------------------------
Senternet Engine Heartbeat  :: 2026-08-17 15:23:56
System Status Log           :: ACTIVE [100x Enhanced]
Insight of the Cycle        :: Software is a great combination between artistry and engineering. - Bill Gates
--------------------------------------------------------
--------------------------------------------------------
Senternet Engine Heartbeat  :: 2026-08-17 15:49:47
System Status Log           :: ACTIVE [100x Enhanced]
Insight of the Cycle        :: Refactoring complex state structures into smooth micro-interactions.
--------------------------------------------------------
--------------------------------------------------------
Senternet Engine Heartbeat  :: 2026-08-17 16:26:26
System Status Log           :: ACTIVE [100x Enhanced]
Insight of the Cycle        :: Knowledge is power. Clean architecture is superpower. - Senternet Technologies
--------------------------------------------------------
--------------------------------------------------------
Senternet Engine Heartbeat  :: 2026-08-17 16:56:05
System Status Log           :: ACTIVE [100x Enhanced]
Insight of the Cycle        :: Software is a great combination between artistry and engineering. - Bill Gates
--------------------------------------------------------
--------------------------------------------------------
Senternet Engine Heartbeat  :: 2026-08-17 17:28:33
System Status Log           :: ACTIVE [100x Enhanced]
Insight of the Cycle        :: Refactoring complex state structures into smooth micro-interactions.
--------------------------------------------------------
--------------------------------------------------------
Senternet Engine Heartbeat  :: 2026-08-17 17:56:23
System Status Log           :: ACTIVE [100x Enhanced]
Insight of the Cycle        :: Knowledge is power. Clean architecture is superpower. - Senternet Technologies
--------------------------------------------------------
--------------------------------------------------------
Senternet Engine Heartbeat  :: 2026-08-17 18:42:42
System Status Log           :: ACTIVE [100x Enhanced]
Insight of the Cycle        :: Optimizing frontend workflows to achieve 100/100 Lighthouse performance.
--------------------------------------------------------
--------------------------------------------------------
Senternet Engine Heartbeat  :: 2026-08-17 19:27:09
System Status Log           :: ACTIVE [100x Enhanced]
Insight of the Cycle        :: Optimizing frontend workflows to achieve 100/100 Lighthouse performance.
--------------------------------------------------------
--------------------------------------------------------
Senternet Engine Heartbeat  :: 2026-08-17 19:52:15
System Status Log           :: ACTIVE [100x Enhanced]
Insight of the Cycle        :: Optimizing frontend workflows to achieve 100/100 Lighthouse performance.
--------------------------------------------------------
--------------------------------------------------------
Senternet Engine Heartbeat  :: 2026-08-17 20:26:35
System Status Log           :: ACTIVE [100x Enhanced]
Insight of the Cycle        :: Simplicity is the soul of efficiency. - Austin Freeman
--------------------------------------------------------
--------------------------------------------------------
Senternet Engine Heartbeat  :: 2026-08-17 20:55:07
System Status Log           :: ACTIVE [100x Enhanced]
Insight of the Cycle        :: Talk is cheap. Show me the code. - Linus Torvalds
--------------------------------------------------------
--------------------------------------------------------
Senternet Engine Heartbeat  :: 2026-08-17 21:25:38
System Status Log           :: ACTIVE [100x Enhanced]
Insight of the Cycle        :: Knowledge is power. Clean architecture is superpower. - Senternet Technologies
--------------------------------------------------------
--------------------------------------------------------
Senternet Engine Heartbeat  :: 2026-08-17 21:50:51
System Status Log           :: ACTIVE [100x Enhanced]
Insight of the Cycle        :: Software is a great combination between artistry and engineering. - Bill Gates
--------------------------------------------------------
--------------------------------------------------------
Senternet Engine Heartbeat  :: 2026-08-17 22:23:27
System Status Log           :: ACTIVE [100x Enhanced]
Insight of the Cycle        :: Clean code always looks like it was written by someone who cares. - Michael Feathers
--------------------------------------------------------
--------------------------------------------------------
Senternet Engine Heartbeat  :: 2026-08-17 22:50:17
System Status Log           :: ACTIVE [100x Enhanced]
Insight of the Cycle        :: Strive for perfection in everything you build. - Senternet Dev Engine
--------------------------------------------------------
--------------------------------------------------------
Senternet Engine Heartbeat  :: 2026-08-17 23:21:29
System Status Log           :: ACTIVE [100x Enhanced]
Insight of the Cycle        :: Software is a great combination between artistry and engineering. - Bill Gates
--------------------------------------------------------
--------------------------------------------------------
Senternet Engine Heartbeat  :: 2026-08-17 23:46:50
System Status Log           :: ACTIVE [100x Enhanced]
Insight of the Cycle        :: Simplicity is the soul of efficiency. - Austin Freeman
--------------------------------------------------------
--------------------------------------------------------
Senternet Engine Heartbeat  :: 2026-08-18 01:11:33
System Status Log           :: ACTIVE [100x Enhanced]
Insight of the Cycle        :: Knowledge is power. Clean architecture is superpower. - Senternet Technologies
--------------------------------------------------------
--------------------------------------------------------
Senternet Engine Heartbeat  :: 2026-08-18 02:35:56
System Status Log           :: ACTIVE [100x Enhanced]
Insight of the Cycle        :: Talk is cheap. Show me the code. - Linus Torvalds
--------------------------------------------------------
--------------------------------------------------------
Senternet Engine Heartbeat  :: 2026-08-18 03:43:41
System Status Log           :: ACTIVE [100x Enhanced]
Insight of the Cycle        :: Clean code always looks like it was written by someone who cares. - Michael Feathers
--------------------------------------------------------
--------------------------------------------------------
Senternet Engine Heartbeat  :: 2026-08-18 04:34:43
System Status Log           :: ACTIVE [100x Enhanced]
Insight of the Cycle        :: Talk is cheap. Show me the code. - Linus Torvalds
--------------------------------------------------------
--------------------------------------------------------
Senternet Engine Heartbeat  :: 2026-08-18 05:28:36
System Status Log           :: ACTIVE [100x Enhanced]
Insight of the Cycle        :: Make it work, make it right, make it fast. - Kent Beck
--------------------------------------------------------
--------------------------------------------------------
Senternet Engine Heartbeat  :: 2026-08-18 05:57:23
System Status Log           :: ACTIVE [100x Enhanced]
Insight of the Cycle        :: Refactoring complex state structures into smooth micro-interactions.
--------------------------------------------------------
--------------------------------------------------------
Senternet Engine Heartbeat  :: 2026-08-18 06:52:50
System Status Log           :: ACTIVE [100x Enhanced]
Insight of the Cycle        :: Software is a great combination between artistry and engineering. - Bill Gates
--------------------------------------------------------
--------------------------------------------------------
Senternet Engine Heartbeat  :: 2026-08-18 07:37:07
System Status Log           :: ACTIVE [100x Enhanced]
Insight of the Cycle        :: Knowledge is power. Clean architecture is superpower. - Senternet Technologies
--------------------------------------------------------
--------------------------------------------------------
Senternet Engine Heartbeat  :: 2026-08-18 08:35:42
System Status Log           :: ACTIVE [100x Enhanced]
Insight of the Cycle        :: Strive for perfection in everything you build. - Senternet Dev Engine
--------------------------------------------------------
--------------------------------------------------------
Senternet Engine Heartbeat  :: 2026-08-18 09:32:47
System Status Log           :: ACTIVE [100x Enhanced]
Insight of the Cycle        :: Knowledge is power. Clean architecture is superpower. - Senternet Technologies
--------------------------------------------------------
--------------------------------------------------------
Senternet Engine Heartbeat  :: 2026-08-18 10:27:31
System Status Log           :: ACTIVE [100x Enhanced]
Insight of the Cycle        :: Talk is cheap. Show me the code. - Linus Torvalds
--------------------------------------------------------
--------------------------------------------------------
Senternet Engine Heartbeat  :: 2026-08-18 10:56:45
System Status Log           :: ACTIVE [100x Enhanced]
Insight of the Cycle        :: Strive for perfection in everything you build. - Senternet Dev Engine
--------------------------------------------------------
--------------------------------------------------------
Senternet Engine Heartbeat  :: 2026-08-18 11:28:37
System Status Log           :: ACTIVE [100x Enhanced]
Insight of the Cycle        :: Simplicity is the soul of efficiency. - Austin Freeman
--------------------------------------------------------
--------------------------------------------------------
Senternet Engine Heartbeat  :: 2026-08-18 11:53:41
System Status Log           :: ACTIVE [100x Enhanced]
Insight of the Cycle        :: Software is a great combination between artistry and engineering. - Bill Gates
--------------------------------------------------------
--------------------------------------------------------
Senternet Engine Heartbeat  :: 2026-08-18 12:43:49
System Status Log           :: ACTIVE [100x Enhanced]
Insight of the Cycle        :: Software is a great combination between artistry and engineering. - Bill Gates
--------------------------------------------------------
--------------------------------------------------------
Senternet Engine Heartbeat  :: 2026-08-18 13:41:33
System Status Log           :: ACTIVE [100x Enhanced]
Insight of the Cycle        :: Optimizing frontend workflows to achieve 100/100 Lighthouse performance.
--------------------------------------------------------
--------------------------------------------------------
Senternet Engine Heartbeat  :: 2026-08-18 14:33:07
System Status Log           :: ACTIVE [100x Enhanced]
Insight of the Cycle        :: Clean code always looks like it was written by someone who cares. - Michael Feathers
--------------------------------------------------------
--------------------------------------------------------
Senternet Engine Heartbeat  :: 2026-08-18 15:31:05
System Status Log           :: ACTIVE [100x Enhanced]
Insight of the Cycle        :: Simplicity is the soul of efficiency. - Austin Freeman
--------------------------------------------------------
--------------------------------------------------------
Senternet Engine Heartbeat  :: 2026-08-18 16:30:15
System Status Log           :: ACTIVE [100x Enhanced]
Insight of the Cycle        :: Simplicity is the soul of efficiency. - Austin Freeman
--------------------------------------------------------
--------------------------------------------------------
Senternet Engine Heartbeat  :: 2026-08-18 17:26:22
System Status Log           :: ACTIVE [100x Enhanced]
Insight of the Cycle        :: First, solve the problem. Then, write the code. - John Johnson
--------------------------------------------------------
--------------------------------------------------------
Senternet Engine Heartbeat  :: 2026-08-18 17:55:04
System Status Log           :: ACTIVE [100x Enhanced]
Insight of the Cycle        :: Clean code always looks like it was written by someone who cares. - Michael Feathers
--------------------------------------------------------
--------------------------------------------------------
Senternet Engine Heartbeat  :: 2026-08-18 18:37:22
System Status Log           :: ACTIVE [100x Enhanced]
Insight of the Cycle        :: Software is a great combination between artistry and engineering. - Bill Gates
--------------------------------------------------------
--------------------------------------------------------
Senternet Engine Heartbeat  :: 2026-08-18 19:26:59
System Status Log           :: ACTIVE [100x Enhanced]
Insight of the Cycle        :: Optimizing frontend workflows to achieve 100/100 Lighthouse performance.
--------------------------------------------------------
--------------------------------------------------------
Senternet Engine Heartbeat  :: 2026-08-18 19:49:55
System Status Log           :: ACTIVE [100x Enhanced]
Insight of the Cycle        :: Make it work, make it right, make it fast. - Kent Beck
--------------------------------------------------------
--------------------------------------------------------
Senternet Engine Heartbeat  :: 2026-08-18 20:23:05
System Status Log           :: ACTIVE [100x Enhanced]
Insight of the Cycle        :: Refactoring complex state structures into smooth micro-interactions.
--------------------------------------------------------
--------------------------------------------------------
Senternet Engine Heartbeat  :: 2026-08-18 20:49:51
System Status Log           :: ACTIVE [100x Enhanced]
Insight of the Cycle        :: Simplicity is the soul of efficiency. - Austin Freeman
--------------------------------------------------------
--------------------------------------------------------
Senternet Engine Heartbeat  :: 2026-08-18 21:23:26
System Status Log           :: ACTIVE [100x Enhanced]
Insight of the Cycle        :: Knowledge is power. Clean architecture is superpower. - Senternet Technologies
--------------------------------------------------------
--------------------------------------------------------
Senternet Engine Heartbeat  :: 2026-08-18 21:47:49
System Status Log           :: ACTIVE [100x Enhanced]
Insight of the Cycle        :: First, solve the problem. Then, write the code. - John Johnson
--------------------------------------------------------
--------------------------------------------------------
Senternet Engine Heartbeat  :: 2026-08-18 22:22:25
System Status Log           :: ACTIVE [100x Enhanced]
Insight of the Cycle        :: Refactoring complex state structures into smooth micro-interactions.
--------------------------------------------------------
--------------------------------------------------------
Senternet Engine Heartbeat  :: 2026-08-18 22:50:36
System Status Log           :: ACTIVE [100x Enhanced]
Insight of the Cycle        :: Knowledge is power. Clean architecture is superpower. - Senternet Technologies
--------------------------------------------------------
--------------------------------------------------------
Senternet Engine Heartbeat  :: 2026-08-18 23:21:00
System Status Log           :: ACTIVE [100x Enhanced]
Insight of the Cycle        :: Refactoring complex state structures into smooth micro-interactions.
--------------------------------------------------------
--------------------------------------------------------
Senternet Engine Heartbeat  :: 2026-08-18 23:47:18
System Status Log           :: ACTIVE [100x Enhanced]
Insight of the Cycle        :: Clean code always looks like it was written by someone who cares. - Michael Feathers
--------------------------------------------------------
--------------------------------------------------------
Senternet Engine Heartbeat  :: 2026-08-19 01:12:46
System Status Log           :: ACTIVE [100x Enhanced]
Insight of the Cycle        :: Optimizing frontend workflows to achieve 100/100 Lighthouse performance.
--------------------------------------------------------
--------------------------------------------------------
Senternet Engine Heartbeat  :: 2026-08-19 02:38:36
System Status Log           :: ACTIVE [100x Enhanced]
Insight of the Cycle        :: First, solve the problem. Then, write the code. - John Johnson
--------------------------------------------------------
--------------------------------------------------------
Senternet Engine Heartbeat  :: 2026-08-19 03:45:31
System Status Log           :: ACTIVE [100x Enhanced]
Insight of the Cycle        :: Clean code always looks like it was written by someone who cares. - Michael Feathers
--------------------------------------------------------
--------------------------------------------------------
Senternet Engine Heartbeat  :: 2026-08-19 04:35:37
System Status Log           :: ACTIVE [100x Enhanced]
Insight of the Cycle        :: Software is a great combination between artistry and engineering. - Bill Gates
--------------------------------------------------------
--------------------------------------------------------
Senternet Engine Heartbeat  :: 2026-08-19 05:29:19
System Status Log           :: ACTIVE [100x Enhanced]
Insight of the Cycle        :: Clean code always looks like it was written by someone who cares. - Michael Feathers
--------------------------------------------------------
--------------------------------------------------------
Senternet Engine Heartbeat  :: 2026-08-19 05:58:26
System Status Log           :: ACTIVE [100x Enhanced]
Insight of the Cycle        :: Clean code always looks like it was written by someone who cares. - Michael Feathers
--------------------------------------------------------
--------------------------------------------------------
Senternet Engine Heartbeat  :: 2026-08-19 06:56:51
System Status Log           :: ACTIVE [100x Enhanced]
Insight of the Cycle        :: Refactoring complex state structures into smooth micro-interactions.
--------------------------------------------------------
--------------------------------------------------------
Senternet Engine Heartbeat  :: 2026-08-19 07:42:15
System Status Log           :: ACTIVE [100x Enhanced]
Insight of the Cycle        :: Refactoring complex state structures into smooth micro-interactions.
--------------------------------------------------------
--------------------------------------------------------
Senternet Engine Heartbeat  :: 2026-08-19 08:36:48
System Status Log           :: ACTIVE [100x Enhanced]
Insight of the Cycle        :: Strive for perfection in everything you build. - Senternet Dev Engine
--------------------------------------------------------
--------------------------------------------------------
Senternet Engine Heartbeat  :: 2026-08-19 09:33:17
System Status Log           :: ACTIVE [100x Enhanced]
Insight of the Cycle        :: Talk is cheap. Show me the code. - Linus Torvalds
--------------------------------------------------------
--------------------------------------------------------
Senternet Engine Heartbeat  :: 2026-08-19 10:27:48
System Status Log           :: ACTIVE [100x Enhanced]
Insight of the Cycle        :: Software is a great combination between artistry and engineering. - Bill Gates
--------------------------------------------------------
--------------------------------------------------------
Senternet Engine Heartbeat  :: 2026-08-19 10:56:16
System Status Log           :: ACTIVE [100x Enhanced]
Insight of the Cycle        :: Make it work, make it right, make it fast. - Kent Beck
--------------------------------------------------------
--------------------------------------------------------
Senternet Engine Heartbeat  :: 2026-08-19 11:27:28
System Status Log           :: ACTIVE [100x Enhanced]
Insight of the Cycle        :: Refactoring complex state structures into smooth micro-interactions.
--------------------------------------------------------
--------------------------------------------------------
Senternet Engine Heartbeat  :: 2026-08-19 11:52:06
System Status Log           :: ACTIVE [100x Enhanced]
Insight of the Cycle        :: Knowledge is power. Clean architecture is superpower. - Senternet Technologies
--------------------------------------------------------
--------------------------------------------------------
Senternet Engine Heartbeat  :: 2026-08-19 12:44:59
System Status Log           :: ACTIVE [100x Enhanced]
Insight of the Cycle        :: Clean code always looks like it was written by someone who cares. - Michael Feathers
--------------------------------------------------------
--------------------------------------------------------
Senternet Engine Heartbeat  :: 2026-08-19 13:43:04
System Status Log           :: ACTIVE [100x Enhanced]
Insight of the Cycle        :: Refactoring complex state structures into smooth micro-interactions.
--------------------------------------------------------
--------------------------------------------------------
Senternet Engine Heartbeat  :: 2026-08-19 14:32:54
System Status Log           :: ACTIVE [100x Enhanced]
Insight of the Cycle        :: Refactoring complex state structures into smooth micro-interactions.
--------------------------------------------------------
--------------------------------------------------------
Senternet Engine Heartbeat  :: 2026-08-19 15:30:26
System Status Log           :: ACTIVE [100x Enhanced]
Insight of the Cycle        :: Optimizing frontend workflows to achieve 100/100 Lighthouse performance.
--------------------------------------------------------
--------------------------------------------------------
Senternet Engine Heartbeat  :: 2026-08-19 16:30:44
System Status Log           :: ACTIVE [100x Enhanced]
Insight of the Cycle        :: Refactoring complex state structures into smooth micro-interactions.
--------------------------------------------------------
--------------------------------------------------------
Senternet Engine Heartbeat  :: 2026-08-19 17:26:04
System Status Log           :: ACTIVE [100x Enhanced]
Insight of the Cycle        :: First, solve the problem. Then, write the code. - John Johnson
--------------------------------------------------------
--------------------------------------------------------
Senternet Engine Heartbeat  :: 2026-08-19 17:50:49
System Status Log           :: ACTIVE [100x Enhanced]
Insight of the Cycle        :: Knowledge is power. Clean architecture is superpower. - Senternet Technologies
--------------------------------------------------------
--------------------------------------------------------
Senternet Engine Heartbeat  :: 2026-08-19 18:34:16
System Status Log           :: ACTIVE [100x Enhanced]
Insight of the Cycle        :: Talk is cheap. Show me the code. - Linus Torvalds
--------------------------------------------------------
--------------------------------------------------------
Senternet Engine Heartbeat  :: 2026-08-19 19:24:13
System Status Log           :: ACTIVE [100x Enhanced]
Insight of the Cycle        :: Simplicity is the soul of efficiency. - Austin Freeman
--------------------------------------------------------
--------------------------------------------------------
Senternet Engine Heartbeat  :: 2026-08-19 19:49:23
System Status Log           :: ACTIVE [100x Enhanced]
Insight of the Cycle        :: Knowledge is power. Clean architecture is superpower. - Senternet Technologies
--------------------------------------------------------
--------------------------------------------------------
Senternet Engine Heartbeat  :: 2026-08-19 20:26:28
System Status Log           :: ACTIVE [100x Enhanced]
Insight of the Cycle        :: Refactoring complex state structures into smooth micro-interactions.
--------------------------------------------------------
--------------------------------------------------------
Senternet Engine Heartbeat  :: 2026-08-19 20:54:42
System Status Log           :: ACTIVE [100x Enhanced]
Insight of the Cycle        :: Knowledge is power. Clean architecture is superpower. - Senternet Technologies
--------------------------------------------------------
--------------------------------------------------------
Senternet Engine Heartbeat  :: 2026-08-19 21:24:25
System Status Log           :: ACTIVE [100x Enhanced]
Insight of the Cycle        :: Talk is cheap. Show me the code. - Linus Torvalds
--------------------------------------------------------
--------------------------------------------------------
Senternet Engine Heartbeat  :: 2026-08-19 21:50:36
System Status Log           :: ACTIVE [100x Enhanced]
Insight of the Cycle        :: Make it work, make it right, make it fast. - Kent Beck
--------------------------------------------------------
--------------------------------------------------------
Senternet Engine Heartbeat  :: 2026-08-19 22:23:46
System Status Log           :: ACTIVE [100x Enhanced]
Insight of the Cycle        :: First, solve the problem. Then, write the code. - John Johnson
--------------------------------------------------------
